-5.76E-04,-2.00E-02,-4.00E-02
-5.76E-04,0,-4.00E-02
-5.75E-04,-2.00E-02,0
-5.75E-04,-2.00E-02,-4.00E-02
-5.74E-04,-2.00E-02,-8.00E-02
-5.74E-04,-2.00E-02,-4.00E-02
-5.74E-04,-2.00E-02,-8.00E-02
-5.73E-04,0,-8.00E-02
-5.73E-04,0,-4.00E-02
-5.72E-04,-2.00E-02,-4.00E-02
-5.72E-04,-2.00E-02,-8.00E-02
-5.72E-04,-4.00E-02,-4.00E-02
-5.71E-04,0,0
-5.71E-04,-2.00E-02,-8.00E-02
-5.70E-04,0,-8.00E-02
-5.70E-04,-2.00E-02,-4.00E-02
-5.70E-04,-2.00E-02,0
-5.69E-04,-4.00E-02,4.00E-02
-5.69E-04,-4.00E-02,0
-5.68E-04,-2.00E-02,-4.00E-02
-5.68E-04,-2.00E-02,-4.00E-02
-5.68E-04,-4.00E-02,0
-5.67E-04,0,-4.00E-02
-5.67E-04,-2.00E-02,-4.00E-02
-5.66E-04,-2.00E-02,0
-5.66E-04,-4.00E-02,-4.00E-02
-5.66E-04,-2.00E-02,-4.00E-02
-5.65E-04,-2.00E-02,0
-5.65E-04,-4.00E-02,-4.00E-02
-5.64E-04,-4.00E-02,0
-5.64E-04,-2.00E-02,0
-5.64E-04,-2.00E-02,0
-5.63E-04,-2.00E-02,-4.00E-02
-5.63E-04,-2.00E-02,-4.00E-02
-5.62E-04,-4.00E-02,0
-5.62E-04,-4.00E-02,-4.00E-02
-5.62E-04,0,0
-5.61E-04,-4.00E-02,0
-5.61E-04,-2.00E-02,0
-5.60E-04,0,0
-5.60E-04,-2.00E-02,-4.00E-02
-5.60E-04,-4.00E-02,4.00E-02
-5.59E-04,0,-8.00E-02
-5.59E-04,-4.00E-02,0
-5.58E-04,-2.00E-02,-8.00E-02
-5.58E-04,-2.00E-02,0
-5.58E-04,-4.00E-02,-4.00E-02
-5.57E-04,0,0
-5.57E-04,-2.00E-02,-4.00E-02
-5.56E-04,-2.00E-02,0
-5.56E-04,-2.00E-02,0
-5.56E-04,-2.00E-02,0
-5.55E-04,-2.00E-02,0
-5.55E-04,-4.00E-02,0
-5.54E-04,-4.00E-02,0
-5.54E-04,-2.00E-02,-4.00E-02
-5.54E-04,0,0
-5.53E-04,-2.00E-02,0
-5.53E-04,-2.00E-02,0
-5.52E-04,-4.00E-02,0
-5.52E-04,-2.00E-02,-4.00E-02
-5.52E-04,-4.00E-02,4.00E-02
-5.51E-04,-4.00E-02,0
-5.51E-04,-2.00E-02,4.00E-02
-5.50E-04,-6.00E-02,4.00E-02
-5.50E-04,-2.00E-02,0
-5.50E-04,-4.00E-02,4.00E-02
-5.49E-04,-2.00E-02,4.00E-02
-5.49E-04,-2.00E-02,-4.00E-02
-5.48E-04,-6.00E-02,0
-5.48E-04,-4.00E-02,4.00E-02
-5.48E-04,-2.00E-02,-4.00E-02
-5.47E-04,0,4.00E-02
-5.47E-04,-2.00E-02,0
-5.46E-04,-2.00E-02,-4.00E-02
-5.46E-04,-2.00E-02,0
-5.46E-04,-4.00E-02,-4.00E-02
-5.45E-04,-4.00E-02,-4.00E-02
-5.45E-04,-4.00E-02,0
-5.44E-04,0,-4.00E-02
-5.44E-04,-4.00E-02,-4.00E-02
-5.44E-04,-2.00E-02,-4.00E-02
-5.43E-04,-4.00E-02,-4.00E-02
-5.43E-04,-2.00E-02,-8.00E-02
-5.42E-04,-2.00E-02,-4.00E-02
-5.42E-04,0,-4.00E-02
-5.42E-04,-2.00E-02,-8.00E-02
-5.41E-04,-2.00E-02,-8.00E-02
-5.41E-04,0,-4.00E-02
-5.40E-04,2.00E-02,0
-5.40E-04,-6.00E-02,-4.00E-02
-5.40E-04,-2.00E-02,-4.00E-02
-5.39E-04,-2.00E-02,-8.00E-02
-5.39E-04,-2.00E-02,-8.00E-02
-5.38E-04,-4.00E-02,-1.20E-01
-5.38E-04,-4.00E-02,-4.00E-02
-5.38E-04,-2.00E-02,-4.00E-02
-5.37E-04,-2.00E-02,-8.00E-02
-5.37E-04,-4.00E-02,-8.00E-02
-5.36E-04,0,-8.00E-02
-5.36E-04,0,-4.00E-02
-5.36E-04,-2.00E-02,0
-5.35E-04,-6.00E-02,-4.00E-02
-5.35E-04,-2.00E-02,-4.00E-02
-5.34E-04,-2.00E-02,-8.00E-02
-5.34E-04,-2.00E-02,-4.00E-02
-5.34E-04,-2.00E-02,-4.00E-02
-5.33E-04,0,0
-5.33E-04,-2.00E-02,-4.00E-02
-5.32E-04,-2.00E-02,0
-5.32E-04,-4.00E-02,0
-5.32E-04,-2.00E-02,4.00E-02
-5.31E-04,-2.00E-02,0
-5.31E-04,-2.00E-02,-4.00E-02
-5.30E-04,0,0
-5.30E-04,-2.00E-02,4.00E-02
-5.30E-04,-4.00E-02,4.00E-02
-5.29E-04,-2.00E-02,4.00E-02
-5.29E-04,-2.00E-02,0
-5.28E-04,-4.00E-02,4.00E-02
-5.28E-04,-2.00E-02,4.00E-02
-5.28E-04,-2.00E-02,0
-5.27E-04,0,0
-5.27E-04,0,4.00E-02
-5.26E-04,-2.00E-02,4.00E-02
-5.26E-04,0,0
-5.26E-04,-2.00E-02,0
-5.25E-04,-2.00E-02,4.00E-02
-5.25E-04,0,0
-5.24E-04,0,-4.00E-02
-5.24E-04,-2.00E-02,4.00E-02
-5.24E-04,0,0
-5.23E-04,-2.00E-02,0
-5.23E-04,-2.00E-02,4.00E-02
-5.22E-04,-4.00E-02,0
-5.22E-04,0,-4.00E-02
-5.22E-04,0,0
-5.21E-04,-2.00E-02,-4.00E-02
-5.21E-04,0,-4.00E-02
-5.20E-04,-2.00E-02,0
-5.20E-04,-2.00E-02,0
-5.20E-04,0,-4.00E-02
-5.19E-04,-4.00E-02,0
-5.19E-04,0,-4.00E-02
-5.18E-04,-2.00E-02,0
-5.18E-04,-2.00E-02,-8.00E-02
-5.18E-04,2.00E-02,0
-5.17E-04,-2.00E-02,-4.00E-02
-5.17E-04,-4.00E-02,0
-5.16E-04,-2.00E-02,0
-5.16E-04,0,0
-5.16E-04,-2.00E-02,0
-5.15E-04,-4.00E-02,0
-5.15E-04,-2.00E-02,0
-5.14E-04,-4.00E-02,-4.00E-02
-5.14E-04,0,-4.00E-02
-5.14E-04,-2.00E-02,4.00E-02
-5.13E-04,-2.00E-02,-4.00E-02
-5.13E-04,-2.00E-02,0
-5.12E-04,-2.00E-02,-4.00E-02
-5.12E-04,-2.00E-02,-4.00E-02
-5.12E-04,0,0
-5.11E-04,-2.00E-02,0
-5.11E-04,-4.00E-02,-4.00E-02
-5.10E-04,-2.00E-02,-4.00E-02
-5.10E-04,-4.00E-02,0
-5.10E-04,-2.00E-02,-8.00E-02
-5.09E-04,0,-4.00E-02
-5.09E-04,-6.00E-02,-4.00E-02
-5.08E-04,-2.00E-02,0
-5.08E-04,-2.00E-02,0
-5.08E-04,-2.00E-02,-4.00E-02
-5.07E-04,-4.00E-02,-1.20E-01
-5.07E-04,0,0
-5.06E-04,-2.00E-02,-4.00E-02
-5.06E-04,-6.00E-02,-4.00E-02
-5.06E-04,-2.00E-02,-4.00E-02
-5.05E-04,-2.00E-02,-4.00E-02
-5.05E-04,0,-4.00E-02
-5.04E-04,-2.00E-02,-4.00E-02
-5.04E-04,-4.00E-02,-4.00E-02
-5.04E-04,-4.00E-02,-8.00E-02
-5.03E-04,-2.00E-02,-8.00E-02
-5.03E-04,-2.00E-02,0
-5.02E-04,-2.00E-02,-4.00E-02
-5.02E-04,-2.00E-02,-4.00E-02
-5.02E-04,-4.00E-02,-4.00E-02
-5.01E-04,-2.00E-02,0
-5.01E-04,0,-8.00E-02
-5.00E-04,-6.00E-02,0
-5.00E-04,-2.00E-02,-4.00E-02
-5.00E-04,0,-8.00E-02
-4.99E-04,-2.00E-02,-4.00E-02
-4.99E-04,-4.00E-02,-8.00E-02
-4.98E-04,-6.00E-02,0
-4.98E-04,-2.00E-02,0
-4.98E-04,0,-4.00E-02
-4.97E-04,0,-4.00E-02
-4.97E-04,0,4.00E-02
-4.96E-04,0,4.00E-02
-4.96E-04,-2.00E-02,4.00E-02
-4.96E-04,-4.00E-02,0
-4.95E-04,0,0
-4.95E-04,0,4.00E-02
-4.94E-04,-2.00E-02,4.00E-02
-4.94E-04,-2.00E-02,0
-4.94E-04,0,4.00E-02
-4.93E-04,0,4.00E-02
-4.93E-04,-2.00E-02,4.00E-02
-4.92E-04,-4.00E-02,4.00E-02
-4.92E-04,0,8.00E-02
-4.92E-04,0,4.00E-02
-4.91E-04,-2.00E-02,4.00E-02
-4.91E-04,-4.00E-02,0
-4.90E-04,-4.00E-02,8.00E-02
-4.90E-04,-2.00E-02,4.00E-02
-4.90E-04,-2.00E-02,8.00E-02
-4.89E-04,-4.00E-02,0
-4.89E-04,0,4.00E-02
-4.88E-04,-4.00E-02,0
-4.88E-04,-2.00E-02,4.00E-02
-4.88E-04,0,0
-4.87E-04,-2.00E-02,0
-4.87E-04,-4.00E-02,0
-4.86E-04,-4.00E-02,-4.00E-02
-4.86E-04,-2.00E-02,0
-4.86E-04,-2.00E-02,0
-4.85E-04,0,-4.00E-02
-4.85E-04,0,-4.00E-02
-4.84E-04,-4.00E-02,-4.00E-02
-4.84E-04,-2.00E-02,-4.00E-02
-4.84E-04,-4.00E-02,-4.00E-02
-4.83E-04,-2.00E-02,-4.00E-02
-4.83E-04,-2.00E-02,-8.00E-02
-4.82E-04,0,0
-4.82E-04,0,-4.00E-02
-4.82E-04,0,-4.00E-02
-4.81E-04,-2.00E-02,-4.00E-02
-4.81E-04,-2.00E-02,-4.00E-02
-4.80E-04,-2.00E-02,0
-4.80E-04,-2.00E-02,-4.00E-02
-4.80E-04,-4.00E-02,0
-4.79E-04,-4.00E-02,-8.00E-02
-4.79E-04,-4.00E-02,0
-4.78E-04,-2.00E-02,-4.00E-02
-4.78E-04,0,-4.00E-02
-4.78E-04,-2.00E-02,-8.00E-02
-4.77E-04,-2.00E-02,0
-4.77E-04,-4.00E-02,-4.00E-02
-4.76E-04,-2.00E-02,-4.00E-02
-4.76E-04,0,0
-4.76E-04,-4.00E-02,-4.00E-02
-4.75E-04,-2.00E-02,4.00E-02
-4.75E-04,-2.00E-02,-4.00E-02
-4.74E-04,-2.00E-02,-4.00E-02
-4.74E-04,-2.00E-02,0
-4.74E-04,0,0
-4.73E-04,0,0
-4.73E-04,-2.00E-02,0
-4.72E-04,-4.00E-02,-4.00E-02
-4.72E-04,-2.00E-02,-4.00E-02
-4.72E-04,-2.00E-02,0
-4.71E-04,-4.00E-02,0
-4.71E-04,0,0
-4.70E-04,-4.00E-02,0
-4.70E-04,-2.00E-02,-4.00E-02
-4.70E-04,-2.00E-02,0
-4.69E-04,-6.00E-02,-4.00E-02
-4.69E-04,-2.00E-02,0
-4.68E-04,0,-4.00E-02
-4.68E-04,0,-4.00E-02
-4.68E-04,-2.00E-02,-4.00E-02
-4.67E-04,0,-4.00E-02
-4.67E-04,-2.00E-02,-4.00E-02
-4.66E-04,-4.00E-02,-4.00E-02
-4.66E-04,-2.00E-02,-4.00E-02
-4.66E-04,-4.00E-02,0
-4.65E-04,0,-4.00E-02
-4.65E-04,-2.00E-02,-4.00E-02
-4.64E-04,0,0
-4.64E-04,-4.00E-02,0
-4.64E-04,-2.00E-02,0
-4.63E-04,-4.00E-02,-4.00E-02
-4.63E-04,-2.00E-02,0
-4.62E-04,-2.00E-02,4.00E-02
-4.62E-04,-2.00E-02,-4.00E-02
-4.62E-04,0,0
-4.61E-04,0,0
-4.61E-04,-4.00E-02,4.00E-02
-4.60E-04,-2.00E-02,4.00E-02
-4.60E-04,-2.00E-02,0
-4.60E-04,-2.00E-02,4.00E-02
-4.59E-04,-4.00E-02,4.00E-02
-4.59E-04,-4.00E-02,0
-4.58E-04,0,0
-4.58E-04,-4.00E-02,0
-4.58E-04,-2.00E-02,-4.00E-02
-4.57E-04,2.00E-02,8.00E-02
-4.57E-04,0,4.00E-02
-4.56E-04,-2.00E-02,4.00E-02
-4.56E-04,-2.00E-02,4.00E-02
-4.56E-04,0,0
-4.55E-04,-2.00E-02,4.00E-02
-4.55E-04,-2.00E-02,8.00E-02
-4.54E-04,-4.00E-02,0
-4.54E-04,0,4.00E-02
-4.54E-04,-2.00E-02,0
-4.53E-04,-2.00E-02,0
-4.53E-04,-2.00E-02,4.00E-02
-4.52E-04,-2.00E-02,4.00E-02
-4.52E-04,0,0
-4.52E-04,-2.00E-02,0
-4.51E-04,-2.00E-02,-4.00E-02
-4.51E-04,-4.00E-02,0
-4.50E-04,-4.00E-02,-4.00E-02
-4.50E-04,0,0
-4.50E-04,0,-4.00E-02
-4.49E-04,0,-4.00E-02
-4.49E-04,-2.00E-02,-4.00E-02
-4.48E-04,0,-4.00E-02
-4.48E-04,0,-8.00E-02
-4.48E-04,0,-4.00E-02
-4.47E-04,-2.00E-02,-8.00E-02
-4.47E-04,0,-4.00E-02
-4.46E-04,-2.00E-02,-8.00E-02
-4.46E-04,0,-4.00E-02
-4.46E-04,-2.00E-02,-8.00E-02
-4.45E-04,0,-4.00E-02
-4.45E-04,-4.00E-02,-4.00E-02
-4.44E-04,-4.00E-02,-8.00E-02
-4.44E-04,-2.00E-02,-8.00E-02
-4.44E-04,0,0
-4.43E-04,-2.00E-02,-4.00E-02
-4.43E-04,-2.00E-02,0
-4.42E-04,-2.00E-02,-4.00E-02
-4.42E-04,-2.00E-02,-4.00E-02
-4.42E-04,-2.00E-02,0
-4.41E-04,-2.00E-02,-4.00E-02
-4.41E-04,-4.00E-02,-4.00E-02
-4.40E-04,-2.00E-02,0
-4.40E-04,-6.00E-02,0
-4.40E-04,-2.00E-02,0
-4.39E-04,0,0
-4.39E-04,-2.00E-02,-4.00E-02
-4.38E-04,0,0
-4.38E-04,-2.00E-02,0
-4.38E-04,-2.00E-02,4.00E-02
-4.37E-04,0,0
-4.37E-04,0,0
-4.36E-04,-2.00E-02,4.00E-02
-4.36E-04,-6.00E-02,0
-4.36E-04,-2.00E-02,0
-4.35E-04,-2.00E-02,0
-4.35E-04,0,0
-4.34E-04,-2.00E-02,4.00E-02
-4.34E-04,0,4.00E-02
-4.34E-04,-2.00E-02,4.00E-02
-4.33E-04,0,4.00E-02
-4.33E-04,-4.00E-02,4.00E-02
-4.32E-04,-2.00E-02,8.00E-02
-4.32E-04,-2.00E-02,4.00E-02
-4.32E-04,-4.00E-02,4.00E-02
-4.31E-04,-2.00E-02,4.00E-02
-4.31E-04,0,4.00E-02
-4.30E-04,-4.00E-02,0
-4.30E-04,-2.00E-02,0
-4.30E-04,-2.00E-02,-4.00E-02
-4.29E-04,-2.00E-02,0
-4.29E-04,0,4.00E-02
-4.28E-04,0,-4.00E-02
-4.28E-04,0,-4.00E-02
-4.28E-04,0,-4.00E-02
-4.27E-04,-2.00E-02,0
-4.27E-04,-4.00E-02,0
-4.26E-04,-2.00E-02,-4.00E-02
-4.26E-04,-2.00E-02,-4.00E-02
-4.26E-04,2.00E-02,0
-4.25E-04,0,0
-4.25E-04,0,0
-4.24E-04,-4.00E-02,4.00E-02
-4.24E-04,0,0
-4.24E-04,-2.00E-02,0
-4.23E-04,2.00E-02,0
-4.23E-04,0,4.00E-02
-4.22E-04,-2.00E-02,0
-4.22E-04,0,0
-4.22E-04,0,-4.00E-02
-4.21E-04,-2.00E-02,0
-4.21E-04,-2.00E-02,-4.00E-02
-4.20E-04,0,0
-4.20E-04,-4.00E-02,0
-4.20E-04,-4.00E-02,0
-4.19E-04,-2.00E-02,0
-4.19E-04,-2.00E-02,0
-4.18E-04,0,0
-4.18E-04,2.00E-02,-8.00E-02
-4.18E-04,2.00E-02,-4.00E-02
-4.17E-04,0,4.00E-02
-4.17E-04,0,4.00E-02
-4.16E-04,-4.00E-02,0
-4.16E-04,0,0
-4.16E-04,0,-4.00E-02
-4.15E-04,-2.00E-02,-4.00E-02
-4.15E-04,-2.00E-02,-8.00E-02
-4.14E-04,-2.00E-02,-4.00E-02
-4.14E-04,-2.00E-02,-4.00E-02
-4.14E-04,0,0
-4.13E-04,0,-8.00E-02
-4.13E-04,-2.00E-02,4.00E-02
-4.12E-04,-2.00E-02,-4.00E-02
-4.12E-04,-2.00E-02,0
-4.12E-04,-4.00E-02,-8.00E-02
-4.11E-04,-2.00E-02,-4.00E-02
-4.11E-04,2.00E-02,-4.00E-02
-4.10E-04,-2.00E-02,0
-4.10E-04,-2.00E-02,-8.00E-02
-4.10E-04,0,-4.00E-02
-4.09E-04,0,-4.00E-02
-4.09E-04,0,-4.00E-02
-4.08E-04,-4.00E-02,-4.00E-02
-4.08E-04,-2.00E-02,-4.00E-02
-4.08E-04,0,0
-4.07E-04,-2.00E-02,0
-4.07E-04,-2.00E-02,-4.00E-02
-4.06E-04,-2.00E-02,0
-4.06E-04,0,0
-4.06E-04,-2.00E-02,-4.00E-02
-4.05E-04,-2.00E-02,-4.00E-02
-4.05E-04,-2.00E-02,-8.00E-02
-4.04E-04,-2.00E-02,-4.00E-02
-4.04E-04,-2.00E-02,0
-4.04E-04,-2.00E-02,4.00E-02
-4.03E-04,-2.00E-02,0
-4.03E-04,-2.00E-02,4.00E-02
-4.02E-04,2.00E-02,4.00E-02
-4.02E-04,2.00E-02,4.00E-02
-4.02E-04,0,8.00E-02
-4.01E-04,-2.00E-02,4.00E-02
-4.01E-04,-2.00E-02,0
-4.00E-04,-2.00E-02,8.00E-02
-4.00E-04,0,8.00E-02
-4.00E-04,0,8.00E-02
-3.99E-04,0,8.00E-02
-3.99E-04,0,8.00E-02
-3.98E-04,-2.00E-02,4.00E-02
-3.98E-04,-4.00E-02,4.00E-02
-3.98E-04,-2.00E-02,4.00E-02
-3.97E-04,-2.00E-02,4.00E-02
-3.97E-04,0,4.00E-02
-3.96E-04,-2.00E-02,4.00E-02
-3.96E-04,-4.00E-02,4.00E-02
-3.96E-04,-2.00E-02,0
-3.95E-04,-2.00E-02,0
-3.95E-04,-2.00E-02,4.00E-02
-3.94E-04,0,4.00E-02
-3.94E-04,-2.00E-02,0
-3.94E-04,0,-4.00E-02
-3.93E-04,-2.00E-02,0
-3.93E-04,0,4.00E-02
-3.92E-04,-2.00E-02,0
-3.92E-04,-4.00E-02,0
-3.92E-04,-2.00E-02,-4.00E-02
-3.91E-04,0,0
-3.91E-04,-2.00E-02,0
-3.90E-04,-2.00E-02,0
-3.90E-04,-4.00E-02,-4.00E-02
-3.90E-04,0,0
-3.89E-04,0,-4.00E-02
-3.89E-04,0,0
-3.88E-04,-2.00E-02,-4.00E-02
-3.88E-04,-2.00E-02,-4.00E-02
-3.88E-04,-2.00E-02,-4.00E-02
-3.87E-04,-2.00E-02,-4.00E-02
-3.87E-04,0,0
-3.86E-04,-8.00E-02,0
-3.86E-04,0,-4.00E-02
-3.86E-04,-2.00E-02,-4.00E-02
-3.85E-04,-2.00E-02,-4.00E-02
-3.85E-04,-2.00E-02,0
-3.84E-04,-2.00E-02,-8.00E-02
-3.84E-04,-4.00E-02,-4.00E-02
-3.84E-04,0,4.00E-02
-3.83E-04,-2.00E-02,0
-3.83E-04,0,0
-3.82E-04,-2.00E-02,0
-3.82E-04,-2.00E-02,0
-3.82E-04,-4.00E-02,0
-3.81E-04,-2.00E-02,4.00E-02
-3.81E-04,0,0
-3.80E-04,-2.00E-02,0
-3.80E-04,-2.00E-02,-4.00E-02
-3.80E-04,-2.00E-02,4.00E-02
-3.79E-04,0,0
-3.79E-04,0,-4.00E-02
-3.78E-04,-2.00E-02,-4.00E-02
-3.78E-04,0,0
-3.78E-04,-2.00E-02,-4.00E-02
-3.77E-04,-2.00E-02,0
-3.77E-04,-2.00E-02,-4.00E-02
-3.76E-04,0,-4.00E-02
-3.76E-04,2.00E-02,-4.00E-02
-3.76E-04,-2.00E-02,0
-3.75E-04,-2.00E-02,-4.00E-02
-3.75E-04,2.00E-02,0
-3.74E-04,0,4.00E-02
-3.74E-04,0,0
-3.74E-04,-2.00E-02,-4.00E-02
-3.73E-04,0,4.00E-02
-3.73E-04,0,0
-3.72E-04,-2.00E-02,4.00E-02
-3.72E-04,0,0
-3.72E-04,-2.00E-02,4.00E-02
-3.71E-04,-2.00E-02,8.00E-02
-3.71E-04,0,4.00E-02
-3.70E-04,0,4.00E-02
-3.70E-04,-2.00E-02,4.00E-02
-3.70E-04,-2.00E-02,4.00E-02
-3.69E-04,0,4.00E-02
-3.69E-04,-2.00E-02,4.00E-02
-3.68E-04,0,8.00E-02
-3.68E-04,-2.00E-02,8.00E-02
-3.68E-04,0,8.00E-02
-3.67E-04,-2.00E-02,4.00E-02
-3.67E-04,-2.00E-02,8.00E-02
-3.66E-04,-2.00E-02,8.00E-02
-3.66E-04,0,1.20E-01
-3.66E-04,-2.00E-02,8.00E-02
-3.65E-04,-2.00E-02,8.00E-02
-3.65E-04,0,1.20E-01
-3.64E-04,-2.00E-02,1.20E-01
-3.64E-04,-2.00E-02,1.20E-01
-3.64E-04,-2.00E-02,1.60E-01
-3.63E-04,-2.00E-02,1.20E-01
-3.63E-04,-2.00E-02,1.60E-01
-3.62E-04,-2.00E-02,8.00E-02
-3.62E-04,-2.00E-02,1.20E-01
-3.62E-04,-2.00E-02,1.60E-01
-3.61E-04,2.00E-02,1.20E-01
-3.61E-04,-2.00E-02,8.00E-02
-3.60E-04,-2.00E-02,1.60E-01
-3.60E-04,2.00E-02,1.60E-01
-3.60E-04,-2.00E-02,1.20E-01
-3.59E-04,0,1.20E-01
-3.59E-04,-2.00E-02,1.20E-01
-3.58E-04,-2.00E-02,1.60E-01
-3.58E-04,-4.00E-02,1.60E-01
-3.58E-04,0,1.20E-01
-3.57E-04,-2.00E-02,1.60E-01
-3.57E-04,-2.00E-02,1.60E-01
-3.56E-04,-4.00E-02,1.60E-01
-3.56E-04,-2.00E-02,2.00E-01
-3.56E-04,-2.00E-02,1.20E-01
-3.55E-04,0,1.60E-01
-3.55E-04,-2.00E-02,1.60E-01
-3.54E-04,0,1.60E-01
-3.54E-04,0,1.60E-01
-3.54E-04,-2.00E-02,1.60E-01
-3.53E-04,0,2.00E-01
-3.53E-04,0,3.11999989
-3.52E-04,-4.00E-02,2.96000004
-3.52E-04,-2.00E-02,2.91999984
-3.52E-04,-2.00E-02,2.96000004
-3.51E-04,-2.00E-02,2.91999984
-3.51E-04,0,2.87999988
-3.50E-04,-4.00E-02,2.87999988
-3.50E-04,-2.00E-02,2.96000004
-3.50E-04,-4.00E-02,2.96000004
-3.49E-04,-4.00E-02,2.91999984
-3.49E-04,0,2.91999984
-3.48E-04,0,2.96000004
-3.48E-04,-2.00E-02,2.96000004
-3.48E-04,-2.00E-02,2.96000004
-3.47E-04,-2.00E-02,2.91999984
-3.47E-04,-2.00E-02,3
-3.46E-04,0,2.91999984
-3.46E-04,0,2.91999984
-3.46E-04,0,2.91999984
-3.45E-04,-2.00E-02,2.96000004
-3.45E-04,-2.00E-02,2.96000004
-3.44E-04,0,2.96000004
-3.44E-04,0,2.91999984
-3.44E-04,-4.00E-02,2.96000004
-3.43E-04,2.00E-02,2.91999984
-3.43E-04,-2.00E-02,2.91999984
-3.42E-04,-2.00E-02,2.96000004
-3.42E-04,-4.00E-02,2.91999984
-3.42E-04,0,2.91999984
-3.41E-04,0,2.91999984
-3.41E-04,-2.00E-02,2.91999984
-3.40E-04,-4.00E-02,2.96000004
-3.40E-04,-6.00E-02,2.87999988
-3.40E-04,-2.00E-02,2.96000004
-3.39E-04,0,2.96000004
-3.39E-04,0,2.91999984
-3.38E-04,0,2.91999984
-3.38E-04,0,2.91999984
-3.38E-04,0,2.91999984
-3.37E-04,-4.00E-02,2.87999988
-3.37E-04,0,2.91999984
-3.36E-04,0,2.87999988
-3.36E-04,-2.00E-02,2.87999988
-3.36E-04,-2.00E-02,2.91999984
-3.35E-04,0,2.91999984
-3.35E-04,0,2.83999991
-3.34E-04,0,2.91999984
-3.34E-04,-4.00E-02,2.91999984
-3.34E-04,0,2.96000004
-3.33E-04,0,2.96000004
-3.33E-04,0,2.96000004
-3.32E-04,-2.00E-02,2.96000004
-3.32E-04,-4.00E-02,2.96000004
-3.32E-04,-2.00E-02,2.91999984
-3.31E-04,0,2.91999984
-3.31E-04,-2.00E-02,2.87999988
-3.30E-04,-4.00E-02,2.91999984
-3.30E-04,0,2.96000004
-3.30E-04,0,2.91999984
-3.29E-04,-2.00E-02,2.96000004
-3.29E-04,0,2.91999984
-3.28E-04,-2.00E-02,2.91999984
-3.28E-04,0,2.87999988
-3.28E-04,0,2.91999984
-3.27E-04,2.00E-02,2.91999984
-3.27E-04,0,2.91999984
-3.26E-04,0,2.91999984
-3.26E-04,-2.00E-02,2.91999984
-3.26E-04,-2.00E-02,2.91999984
-3.25E-04,-2.00E-02,2.96000004
-3.25E-04,-2.00E-02,2.96000004
-3.24E-04,-4.00E-02,2.96000004
-3.24E-04,-2.00E-02,2.96000004
-3.24E-04,-2.00E-02,2.96000004
-3.23E-04,-2.00E-02,2.91999984
-3.23E-04,-2.00E-02,2.96000004
-3.22E-04,0,2.96000004
-3.22E-04,-4.00E-02,2.96000004
-3.22E-04,0,2.91999984
-3.21E-04,-4.00E-02,2.96000004
-3.21E-04,-2.00E-02,2.91999984
-3.20E-04,-2.00E-02,2.96000004
-3.20E-04,-2.00E-02,2.91999984
-3.20E-04,0,2.96000004
-3.19E-04,-2.00E-02,2.96000004
-3.19E-04,-4.00E-02,2.96000004
-3.18E-04,-2.00E-02,2.96000004
-3.18E-04,0,2.96000004
-3.18E-04,0,3
-3.17E-04,0,3
-3.17E-04,-2.00E-02,2.96000004
-3.16E-04,0,2.96000004
-3.16E-04,-2.00E-02,2.91999984
-3.16E-04,-2.00E-02,2.96000004
-3.15E-04,0,3
-3.15E-04,0,2.96000004
-3.14E-04,2.00E-02,3
-3.14E-04,-2.00E-02,2.96000004
-3.14E-04,0,2.96000004
-3.13E-04,0,2.96000004
-3.13E-04,-4.00E-02,2.96000004
-3.12E-04,0,2.91999984
-3.12E-04,0,3
-3.12E-04,0,3
-3.11E-04,0,2.91999984
-3.11E-04,-2.00E-02,2.91999984
-3.10E-04,-2.00E-02,3
-3.10E-04,-2.00E-02,2.96000004
-3.10E-04,0,2.96000004
-3.09E-04,-2.00E-02,2.96000004
-3.09E-04,-2.00E-02,2.96000004
-3.08E-04,-2.00E-02,2.96000004
-3.08E-04,-2.00E-02,3
-3.08E-04,0,2.96000004
-3.07E-04,-2.00E-02,3.03999996
-3.07E-04,-2.00E-02,2.96000004
-3.06E-04,-2.00E-02,2.96000004
-3.06E-04,-2.00E-02,2.96000004
-3.06E-04,0,2.96000004
-3.05E-04,-4.00E-02,3
-3.05E-04,-2.00E-02,2.91999984
-3.04E-04,-2.00E-02,3
-3.04E-04,-4.00E-02,2.96000004
-3.04E-04,0,2.96000004
-3.03E-04,0,2.91999984
-3.03E-04,0,2.96000004
-3.02E-04,-4.00E-02,3
-3.02E-04,0,2.96000004
-3.02E-04,0,2.96000004
-3.01E-04,-4.00E-02,2.91999984
-3.01E-04,-4.00E-02,2.96000004
-3.00E-04,-2.00E-02,3
-3.00E-04,0,2.96000004
-3.00E-04,-2.00E-02,2.96000004
-2.99E-04,0,2.96000004
-2.99E-04,0,3
-2.98E-04,0,3
-2.98E-04,0,2.96000004
-2.98E-04,0,2.96000004
-2.97E-04,0,2.96000004
-2.97E-04,0,2.96000004
-2.96E-04,-2.00E-02,2.91999984
-2.96E-04,-2.00E-02,2.91999984
-2.96E-04,2.00E-02,3
-2.95E-04,-2.00E-02,2.96000004
-2.95E-04,0,2.96000004
-2.94E-04,-2.00E-02,2.96000004
-2.94E-04,-2.00E-02,2.96000004
-2.94E-04,0,2.96000004
-2.93E-04,0,2.96000004
-2.93E-04,0,3
-2.92E-04,-4.00E-02,2.96000004
-2.92E-04,-2.00E-02,2.91999984
-2.92E-04,0,2.96000004
-2.91E-04,0,3
-2.91E-04,-2.00E-02,2.96000004
-2.90E-04,0,3
-2.90E-04,0,2.96000004
-2.90E-04,-2.00E-02,3
-2.89E-04,-2.00E-02,2.91999984
-2.89E-04,0,3
-2.88E-04,0,3
-2.88E-04,-2.00E-02,2.96000004
-2.88E-04,-2.00E-02,2.96000004
-2.87E-04,0,2.96000004
-2.87E-04,-2.00E-02,3.03999996
-2.86E-04,-2.00E-02,2.96000004
-2.86E-04,0,2.91999984
-2.86E-04,-2.00E-02,3
-2.85E-04,-2.00E-02,2.96000004
-2.85E-04,-4.00E-02,2.96000004
-2.84E-04,0,2.96000004
-2.84E-04,-2.00E-02,2.96000004
-2.84E-04,-2.00E-02,2.96000004
-2.83E-04,0,3
-2.83E-04,0,2.96000004
-2.82E-04,-2.00E-02,2.91999984
-2.82E-04,-2.00E-02,2.96000004
-2.82E-04,-2.00E-02,2.96000004
-2.81E-04,-2.00E-02,2.96000004
-2.81E-04,0,3
-2.80E-04,0,2.96000004
-2.80E-04,0,2.96000004
-2.80E-04,-2.00E-02,3
-2.79E-04,-2.00E-02,2.96000004
-2.79E-04,-2.00E-02,2.96000004
-2.78E-04,-2.00E-02,2.96000004
-2.78E-04,0,2.96000004
-2.78E-04,0,2.96000004
-2.77E-04,-2.00E-02,2.96000004
-2.77E-04,-2.00E-02,2.96000004
-2.76E-04,0,2.96000004
-2.76E-04,-2.00E-02,2.96000004
-2.76E-04,-2.00E-02,2.96000004
-2.75E-04,0,2.96000004
-2.75E-04,0,2.96000004
-2.74E-04,-2.00E-02,2.96000004
-2.74E-04,0,3
-2.74E-04,0,2.96000004
-2.73E-04,-2.00E-02,2.96000004
-2.73E-04,-2.00E-02,2.91999984
-2.72E-04,-2.00E-02,2.96000004
-2.72E-04,0,2.96000004
-2.72E-04,-2.00E-02,2.96000004
-2.71E-04,-4.00E-02,2.96000004
-2.71E-04,0,2.96000004
-2.70E-04,-2.00E-02,2.96000004
-2.70E-04,0,2.96000004
-2.70E-04,-4.00E-02,2.96000004
-2.69E-04,0,2.96000004
-2.69E-04,-2.00E-02,2.96000004
-2.68E-04,-2.00E-02,2.96000004
-2.68E-04,2.00E-02,3
-2.68E-04,-2.00E-02,3.03999996
-2.67E-04,0,2.96000004
-2.67E-04,-2.00E-02,2.96000004
-2.66E-04,-4.00E-02,2.96000004
-2.66E-04,0,3
-2.66E-04,-2.00E-02,3
-2.65E-04,0,3
-2.65E-04,0,3
-2.64E-04,-4.00E-02,2.96000004
-2.64E-04,-2.00E-02,2.96000004
-2.64E-04,-2.00E-02,2.91999984
-2.63E-04,2.00E-02,3
-2.63E-04,-4.00E-02,2.96000004
-2.62E-04,0,2.96000004
-2.62E-04,0,2.96000004
-2.62E-04,0,2.96000004
-2.61E-04,-2.00E-02,2.96000004
-2.61E-04,0,2.96000004
-2.60E-04,2.00E-02,3
-2.60E-04,-2.00E-02,2.96000004
-2.60E-04,0,2.91999984
-2.59E-04,0,2.96000004
-2.59E-04,2.00E-02,3
-2.58E-04,0,2.96000004
-2.58E-04,-2.00E-02,3
-2.58E-04,-2.00E-02,3
-2.57E-04,0,2.96000004
-2.57E-04,0,2.91999984
-2.56E-04,0,2.96000004
-2.56E-04,-2.00E-02,3
-2.56E-04,-2.00E-02,2.96000004
-2.55E-04,0,2.96000004
-2.55E-04,0,3
-2.54E-04,2.00E-02,2.96000004
-2.54E-04,0,2.91999984
-2.54E-04,0,2.96000004
-2.53E-04,0,2.96000004
-2.53E-04,-4.00E-02,2.96000004
-2.52E-04,0,3
-2.52E-04,0,2.96000004
-2.52E-04,0,2.91999984
-2.51E-04,-2.00E-02,2.96000004
-2.51E-04,0,3
-2.50E-04,-2.00E-02,2.96000004
-2.50E-04,-2.00E-02,2.96000004
-2.50E-04,0,2.96000004
-2.49E-04,-2.00E-02,3
-2.49E-04,0,2.91999984
-2.48E-04,-4.00E-02,2.96000004
-2.48E-04,0,3
-2.48E-04,0,2.96000004
-2.47E-04,-2.00E-02,2.96000004
-2.47E-04,-4.00E-02,2.96000004
-2.46E-04,-2.00E-02,2.96000004
-2.46E-04,-2.00E-02,3
-2.46E-04,2.00E-02,2.96000004
-2.45E-04,2.00E-02,2.96000004
-2.45E-04,0,3
-2.44E-04,0,3
-2.44E-04,0,2.96000004
-2.44E-04,2.00E-02,2.96000004
-2.43E-04,2.00E-02,2.96000004
-2.43E-04,2.00E-02,2.96000004
-2.42E-04,-2.00E-02,3
-2.42E-04,-4.00E-02,2.96000004
-2.42E-04,-2.00E-02,3
-2.41E-04,0,3
-2.41E-04,0,2.91999984
-2.40E-04,0,3
-2.40E-04,0,2.96000004
-2.40E-04,0,2.91999984
-2.39E-04,-2.00E-02,2.96000004
-2.39E-04,4.00E-02,2.91999984
-2.38E-04,0,2.96000004
-2.38E-04,0,2.96000004
-2.38E-04,-2.00E-02,2.91999984
-2.37E-04,0,3
-2.37E-04,2.00E-02,2.91999984
-2.36E-04,-2.00E-02,2.96000004
-2.36E-04,-4.00E-02,2.91999984
-2.36E-04,0,3
-2.35E-04,0,3
-2.35E-04,-2.00E-02,2.96000004
-2.34E-04,0,2.91999984
-2.34E-04,0,2.96000004
-2.34E-04,-2.00E-02,2.96000004
-2.33E-04,0,2.96000004
-2.33E-04,-2.00E-02,3
-2.32E-04,0,2.96000004
-2.32E-04,0,2.91999984
-2.32E-04,-4.00E-02,2.96000004
-2.31E-04,0,3
-2.31E-04,0,3
-2.30E-04,0,2.96000004
-2.30E-04,-2.00E-02,2.91999984
-2.30E-04,2.00E-02,2.96000004
-2.29E-04,0,2.96000004
-2.29E-04,-2.00E-02,2.96000004
-2.28E-04,0,2.96000004
-2.28E-04,-2.00E-02,3
-2.28E-04,0,2.96000004
-2.27E-04,-2.00E-02,2.96000004
-2.27E-04,0,2.96000004
-2.26E-04,-2.00E-02,2.96000004
-2.26E-04,-2.00E-02,2.96000004
-2.26E-04,-2.00E-02,2.91999984
-2.25E-04,0,2.96000004
-2.25E-04,-2.00E-02,2.91999984
-2.24E-04,0,2.96000004
-2.24E-04,-2.00E-02,2.96000004
-2.24E-04,2.00E-02,2.96000004
-2.23E-04,-4.00E-02,3
-2.23E-04,-2.00E-02,2.96000004
-2.22E-04,-2.00E-02,3
-2.22E-04,-2.00E-02,2.96000004
-2.22E-04,-2.00E-02,2.96000004
-2.21E-04,-2.00E-02,2.96000004
-2.21E-04,0,3.03999996
-2.20E-04,0,2.91999984
-2.20E-04,0,2.96000004
-2.20E-04,0,2.96000004
-2.19E-04,0,2.96000004
-2.19E-04,-4.00E-02,3
-2.18E-04,-4.00E-02,3
-2.18E-04,0,2.96000004
-2.18E-04,0,2.96000004
-2.17E-04,-2.00E-02,2.91999984
-2.17E-04,0,2.91999984
-2.16E-04,0,2.96000004
-2.16E-04,-4.00E-02,2.96000004
-2.16E-04,-2.00E-02,2.96000004
-2.15E-04,0,3
-2.15E-04,-2.00E-02,3
-2.14E-04,0,2.96000004
-2.14E-04,-2.00E-02,2.96000004
-2.14E-04,-2.00E-02,2.91999984
-2.13E-04,-2.00E-02,2.96000004
-2.13E-04,-2.00E-02,3
-2.12E-04,-2.00E-02,3
-2.12E-04,-2.00E-02,2.96000004
-2.12E-04,-2.00E-02,3
-2.11E-04,0,2.96000004
-2.11E-04,-2.00E-02,2.96000004
-2.10E-04,2.00E-02,2.96000004
-2.10E-04,0,2.96000004
-2.10E-04,-2.00E-02,3
-2.09E-04,0,2.91999984
-2.09E-04,0,2.96000004
-2.08E-04,0,2.96000004
-2.08E-04,0,2.96000004
-2.08E-04,0,2.96000004
-2.07E-04,-2.00E-02,2.96000004
-2.07E-04,0,2.96000004
-2.06E-04,-2.00E-02,2.96000004
-2.06E-04,0,3
-2.06E-04,0,2.96000004
-2.05E-04,0,2.96000004
-2.05E-04,-4.00E-02,3
-2.04E-04,0,2.96000004
-2.04E-04,2.00E-02,3
-2.04E-04,-2.00E-02,3
-2.03E-04,0,3.03999996
-2.03E-04,0,2.96000004
-2.02E-04,-4.00E-02,2.96000004
-2.02E-04,-2.00E-02,2.91999984
-2.02E-04,0,2.96000004
-2.01E-04,0,3
-2.01E-04,-2.00E-02,2.96000004
-2.00E-04,-4.00E-02,2.96000004
-2.00E-04,0,3
-2.00E-04,0,2.96000004
-1.99E-04,0,3
-1.99E-04,0,2.96000004
-1.98E-04,0,2.91999984
-1.98E-04,-2.00E-02,2.96000004
-1.98E-04,0,2.96000004
-1.97E-04,0,2.96000004
-1.97E-04,-2.00E-02,2.96000004
-1.96E-04,-2.00E-02,2.96000004
-1.96E-04,0,3
-1.96E-04,0,2.96000004
-1.95E-04,-2.00E-02,2.96000004
-1.95E-04,-2.00E-02,2.91999984
-1.94E-04,-2.00E-02,2.96000004
-1.94E-04,-2.00E-02,3
-1.94E-04,-2.00E-02,2.91999984
-1.93E-04,-2.00E-02,3
-1.93E-04,-2.00E-02,2.96000004
-1.92E-04,-2.00E-02,2.96000004
-1.92E-04,-4.00E-02,2.96000004
-1.92E-04,0,3.03999996
-1.91E-04,2.00E-02,2.96000004
-1.91E-04,0,2.96000004
-1.90E-04,-2.00E-02,2.96000004
-1.90E-04,0,2.91999984
-1.90E-04,-2.00E-02,2.96000004
-1.89E-04,-2.00E-02,2.96000004
-1.89E-04,2.00E-02,2.96000004
-1.88E-04,-2.00E-02,3.03999996
-1.88E-04,-2.00E-02,3
-1.88E-04,-4.00E-02,2.91999984
-1.87E-04,-2.00E-02,2.91999984
-1.87E-04,0,3
-1.86E-04,-2.00E-02,2.96000004
-1.86E-04,0,2.96000004
-1.86E-04,0,3
-1.85E-04,-2.00E-02,2.91999984
-1.85E-04,0,3
-1.84E-04,0,2.96000004
-1.84E-04,2.00E-02,2.96000004
-1.84E-04,-4.00E-02,2.96000004
-1.83E-04,0,2.91999984
-1.83E-04,-2.00E-02,3
-1.82E-04,-2.00E-02,2.87999988
-1.82E-04,-2.00E-02,2.96000004
-1.82E-04,-2.00E-02,3
-1.81E-04,-2.00E-02,2.96000004
-1.81E-04,2.00E-02,2.96000004
-1.80E-04,0,2.96000004
-1.80E-04,2.00E-02,2.96000004
-1.80E-04,2.00E-02,3
-1.79E-04,0,2.96000004
-1.79E-04,-2.00E-02,3.03999996
-1.78E-04,-2.00E-02,2.96000004
-1.78E-04,0,2.96000004
-1.78E-04,-2.00E-02,2.96000004
-1.77E-04,-2.00E-02,2.91999984
-1.77E-04,0,3
-1.76E-04,2.00E-02,2.96000004
-1.76E-04,2.00E-02,2.96000004
-1.76E-04,0,2.96000004
-1.75E-04,-2.00E-02,3
-1.75E-04,0,2.96000004
-1.74E-04,0,2.96000004
-1.74E-04,0,3
-1.74E-04,0,3
-1.73E-04,-2.00E-02,2.96000004
-1.73E-04,0,2.96000004
-1.72E-04,-2.00E-02,2.96000004
-1.72E-04,0,2.91999984
-1.72E-04,0,3
-1.71E-04,-2.00E-02,2.91999984
-1.71E-04,-2.00E-02,2.96000004
-1.70E-04,0,3
-1.70E-04,0,2.96000004
-1.70E-04,2.00E-02,3
-1.69E-04,0,2.91999984
-1.69E-04,4.00E-02,3
-1.68E-04,2.00E-02,3
-1.68E-04,0,2.96000004
-1.68E-04,-2.00E-02,2.91999984
-1.67E-04,-2.00E-02,2.96000004
-1.67E-04,-2.00E-02,2.96000004
-1.66E-04,0,2.96000004
-1.66E-04,0,2.96000004
-1.66E-04,0,2.96000004
-1.65E-04,0,3
-1.65E-04,2.00E-02,2.96000004
-1.64E-04,-2.00E-02,3
-1.64E-04,0,2.96000004
-1.64E-04,-2.00E-02,2.96000004
-1.63E-04,0,2.91999984
-1.63E-04,-4.00E-02,2.96000004
-1.62E-04,0,2.96000004
-1.62E-04,0,3
-1.62E-04,2.00E-02,2.96000004
-1.61E-04,0,2.96000004
-1.61E-04,2.00E-02,2.96000004
-1.60E-04,-2.00E-02,2.91999984
-1.60E-04,2.00E-02,2.96000004
-1.60E-04,2.00E-02,2.96000004
-1.59E-04,2.00E-02,2.96000004
-1.59E-04,0,2.96000004
-1.58E-04,0,3
-1.58E-04,0,2.96000004
-1.58E-04,0,2.96000004
-1.57E-04,0,2.96000004
-1.57E-04,0,2.91999984
-1.56E-04,2.00E-02,3
-1.56E-04,2.00E-02,3
-1.56E-04,-2.00E-02,2.96000004
-1.55E-04,0,3
-1.55E-04,-2.00E-02,2.96000004
-1.54E-04,-2.00E-02,2.96000004
-1.54E-04,-2.00E-02,3
-1.54E-04,0,3
-1.53E-04,0,3
-1.53E-04,2.00E-02,2.96000004
-1.52E-04,-2.00E-02,2.96000004
-1.52E-04,-2.00E-02,3
-1.52E-04,-2.00E-02,3
-1.51E-04,-2.00E-02,2.96000004
-1.51E-04,2.00E-02,2.96000004
-1.50E-04,-2.00E-02,3
-1.50E-04,0,2.96000004
-1.50E-04,-4.00E-02,2.96000004
-1.49E-04,-2.00E-02,3
-1.49E-04,-2.00E-02,3
-1.48E-04,0,2.96000004
-1.48E-04,-2.00E-02,2.91999984
-1.48E-04,-4.00E-02,2.96000004
-1.47E-04,-2.00E-02,3.03999996
-1.47E-04,2.00E-02,2.96000004
-1.46E-04,-2.00E-02,2.96000004
-1.46E-04,0,2.96000004
-1.46E-04,-4.00E-02,2.91999984
-1.45E-04,2.00E-02,3
-1.45E-04,-2.00E-02,2.91999984
-1.44E-04,0,2.96000004
-1.44E-04,-2.00E-02,2.96000004
-1.44E-04,2.00E-02,2.96000004
-1.43E-04,2.00E-02,2.91999984
-1.43E-04,-2.00E-02,2.91999984
-1.42E-04,-2.00E-02,2.96000004
-1.42E-04,-2.00E-02,3
-1.42E-04,2.00E-02,3
-1.41E-04,0,2.96000004
-1.41E-04,0,2.96000004
-1.40E-04,2.00E-02,3
-1.40E-04,0,2.91999984
-1.40E-04,-2.00E-02,2.96000004
-1.39E-04,-2.00E-02,2.96000004
-1.39E-04,0,3
-1.38E-04,0,2.96000004
-1.38E-04,-2.00E-02,2.91999984
-1.38E-04,-2.00E-02,2.91999984
-1.37E-04,0,3
-1.37E-04,2.00E-02,2.96000004
-1.36E-04,0,3
-1.36E-04,0,2.96000004
-1.36E-04,0,2.96000004
-1.35E-04,0,2.96000004
-1.35E-04,0,2.96000004
-1.34E-04,0,3
-1.34E-04,-4.00E-02,2.96000004
-1.34E-04,-2.00E-02,2.96000004
-1.33E-04,0,3
-1.33E-04,2.00E-02,2.96000004
-1.32E-04,2.00E-02,3
-1.32E-04,0,2.96000004
-1.32E-04,0,3
-1.31E-04,0,2.96000004
-1.31E-04,0,2.96000004
-1.30E-04,0,2.96000004
-1.30E-04,2.00E-02,2.96000004
-1.30E-04,0,2.91999984
-1.29E-04,0,3
-1.29E-04,0,2.96000004
-1.28E-04,-2.00E-02,2.96000004
-1.28E-04,0,2.96000004
-1.28E-04,2.00E-02,2.96000004
-1.27E-04,-2.00E-02,2.96000004
-1.27E-04,2.00E-02,2.96000004
-1.26E-04,2.00E-02,2.96000004
-1.26E-04,0,3
-1.26E-04,0,2.96000004
-1.25E-04,2.00E-02,2.96000004
-1.25E-04,0,2.96000004
-1.24E-04,0,2.96000004
-1.24E-04,0,2.96000004
-1.24E-04,0,2.91999984
-1.23E-04,-2.00E-02,2.96000004
-1.23E-04,-2.00E-02,2.91999984
-1.22E-04,0,3
-1.22E-04,-2.00E-02,2.91999984
-1.22E-04,0,2.96000004
-1.21E-04,0,2.96000004
-1.21E-04,-2.00E-02,2.96000004
-1.20E-04,-2.00E-02,2.96000004
-1.20E-04,0,2.96000004
-1.20E-04,2.00E-02,3
-1.19E-04,0,2.96000004
-1.19E-04,0,2.96000004
-1.18E-04,0,2.96000004
-1.18E-04,0,3
-1.18E-04,0,2.96000004
-1.17E-04,0,2.96000004
-1.17E-04,0,2.96000004
-1.16E-04,2.00E-02,3
-1.16E-04,-2.00E-02,2.96000004
-1.16E-04,2.00E-02,3
-1.15E-04,0,3
-1.15E-04,-4.00E-02,2.96000004
-1.14E-04,-2.00E-02,2.96000004
-1.14E-04,0,3
-1.14E-04,2.00E-02,2.91999984
-1.13E-04,2.00E-02,2.96000004
-1.13E-04,-6.00E-02,2.96000004
-1.12E-04,-2.00E-02,2.96000004
-1.12E-04,0,2.96000004
-1.12E-04,0,3
-1.11E-04,-2.00E-02,2.96000004
-1.11E-04,0,2.96000004
-1.10E-04,0,3
-1.10E-04,-2.00E-02,2.96000004
-1.10E-04,0,2.91999984
-1.09E-04,-2.00E-02,3
-1.09E-04,2.00E-02,2.96000004
-1.08E-04,-2.00E-02,2.91999984
-1.08E-04,0,2.96000004
-1.08E-04,-4.00E-02,3
-1.07E-04,0,2.96000004
-1.07E-04,0,2.91999984
-1.06E-04,-2.00E-02,2.96000004
-1.06E-04,2.00E-02,2.96000004
-1.06E-04,0,2.96000004
-1.05E-04,0,2.96000004
-1.05E-04,0,2.96000004
-1.04E-04,0,2.96000004
-1.04E-04,0,2.96000004
-1.04E-04,-2.00E-02,2.96000004
-1.03E-04,-2.00E-02,2.91999984
-1.03E-04,-2.00E-02,2.91999984
-1.02E-04,-2.00E-02,2.91999984
-1.02E-04,-2.00E-02,3
-1.02E-04,0,2.96000004
-1.01E-04,0,2.91999984
-1.01E-04,0,2.96000004
-1.00E-04,0,3
-1.00E-04,2.00E-02,3
-9.96E-05,0,3
-9.92E-05,2.00E-02,2.96000004
-9.88E-05,0,2.96000004
-9.84E-05,0,2.91999984
-9.80E-05,0,2.96000004
-9.76E-05,2.00E-02,3
-9.72E-05,0,2.96000004
-9.68E-05,2.00E-02,3
-9.64E-05,-2.00E-02,3
-9.60E-05,-2.00E-02,3
-9.56E-05,0,2.96000004
-9.52E-05,-2.00E-02,2.96000004
-9.48E-05,0,2.96000004
-9.44E-05,-2.00E-02,3
-9.40E-05,-2.00E-02,3
-9.36E-05,0,2.96000004
-9.32E-05,0,2.91999984
-9.28E-05,0,2.96000004
-9.24E-05,0,3
-9.20E-05,0,3
-9.16E-05,0,2.91999984
-9.12E-05,0,2.96000004
-9.08E-05,-2.00E-02,2.96000004
-9.04E-05,2.00E-02,2.96000004
-9.00E-05,0,2.91999984
-8.96E-05,2.00E-02,3
-8.92E-05,0,2.96000004
-8.88E-05,0,2.96000004
-8.84E-05,-4.00E-02,2.96000004
-8.80E-05,2.00E-02,2.96000004
-8.76E-05,0,3
-8.72E-05,2.00E-02,2.96000004
-8.68E-05,0,2.96000004
-8.64E-05,0,2.96000004
-8.60E-05,2.00E-02,3
-8.56E-05,2.00E-02,2.96000004
-8.52E-05,2.00E-02,3
-8.48E-05,0,2.91999984
-8.44E-05,2.00E-02,2.96000004
-8.40E-05,0,2.96000004
-8.36E-05,0,2.96000004
-8.32E-05,0,3
-8.28E-05,0,2.96000004
-8.24E-05,2.00E-02,3
-8.20E-05,0,2.96000004
-8.16E-05,2.00E-02,2.96000004
-8.12E-05,0,2.96000004
-8.08E-05,-2.00E-02,2.96000004
-8.04E-05,0,2.96000004
-8.00E-05,0,3
-7.96E-05,-2.00E-02,3
-7.92E-05,-2.00E-02,3
-7.88E-05,2.00E-02,2.96000004
-7.84E-05,2.00E-02,2.96000004
-7.80E-05,0,2.96000004
-7.76E-05,-2.00E-02,2.96000004
-7.72E-05,2.00E-02,3
-7.68E-05,2.00E-02,3
-7.64E-05,0,3
-7.60E-05,0,2.91999984
-7.56E-05,2.00E-02,2.96000004
-7.52E-05,-2.00E-02,3
-7.48E-05,0,3
-7.44E-05,0,2.96000004
-7.40E-05,0,3
-7.36E-05,2.00E-02,2.91999984
-7.32E-05,0,2.96000004
-7.28E-05,2.00E-02,3.03999996
-7.24E-05,0,2.96000004
-7.20E-05,-2.00E-02,2.96000004
-7.16E-05,0,2.91999984
-7.12E-05,2.00E-02,3
-7.08E-05,2.00E-02,2.96000004
-7.04E-05,0,2.96000004
-7.00E-05,0,3.03999996
-6.96E-05,0,3.03999996
-6.92E-05,0,2.91999984
-6.88E-05,0,2.91999984
-6.84E-05,2.00E-02,2.91999984
-6.80E-05,0,2.96000004
-6.76E-05,2.00E-02,3
-6.72E-05,2.00E-02,2.96000004
-6.68E-05,4.00E-02,2.96000004
-6.64E-05,2.00E-02,2.91999984
-6.60E-05,4.00E-02,2.96000004
-6.56E-05,2.00E-02,2.96000004
-6.52E-05,4.00E-02,3
-6.48E-05,2.00E-02,3
-6.44E-05,4.00E-02,2.96000004
-6.40E-05,6.00E-02,2.91999984
-6.36E-05,2.00E-02,2.96000004
-6.32E-05,2.00E-02,2.96000004
-6.28E-05,2.00E-02,2.96000004
-6.24E-05,6.00E-02,2.96000004
-6.20E-05,4.00E-02,2.91999984
-6.16E-05,4.00E-02,2.96000004
-6.12E-05,6.00E-02,2.96000004
-6.08E-05,4.00E-02,3
-6.04E-05,4.00E-02,3
-6.00E-05,4.00E-02,2.96000004
-5.96E-05,4.00E-02,2.96000004
-5.92E-05,8.00E-02,3
-5.88E-05,4.00E-02,2.96000004
-5.84E-05,8.00E-02,2.91999984
-5.80E-05,6.00E-02,2.91999984
-5.76E-05,6.00E-02,2.96000004
-5.72E-05,8.00E-02,2.91999984
-5.68E-05,4.00E-02,2.91999984
-5.64E-05,6.00E-02,2.96000004
-5.60E-05,8.00E-02,2.91999984
-5.56E-05,6.00E-02,2.87999988
-5.52E-05,8.00E-02,2.91999984
-5.48E-05,6.00E-02,2.91999984
-5.44E-05,8.00E-02,2.83999991
-5.40E-05,6.00E-02,2.87999988
-5.36E-05,8.00E-02,2.87999988
-5.32E-05,1.00E-01,2.87999988
-5.28E-05,6.00E-02,2.87999988
-5.24E-05,8.00E-02,2.83999991
-5.20E-05,1.00E-01,2.83999991
-5.16E-05,1.00E-01,2.83999991
-5.12E-05,1.00E-01,2.83999991
-5.08E-05,1.00E-01,2.72000003
-5.04E-05,8.00E-02,2.79999995
-5.00E-05,1.20E-01,2.79999995
-4.96E-05,1.00E-01,2.83999991
-4.92E-05,1.00E-01,2.79999995
-4.88E-05,1.20E-01,2.75999999
-4.84E-05,1.00E-01,2.72000003
-4.80E-05,1.20E-01,2.79999995
-4.76E-05,1.20E-01,2.75999999
-4.72E-05,1.20E-01,2.72000003
-4.68E-05,1.00E-01,2.72000003
-4.64E-05,1.20E-01,2.72000003
-4.60E-05,1.20E-01,2.72000003
-4.56E-05,1.40E-01,2.72000003
-4.52E-05,1.40E-01,2.72000003
-4.48E-05,1.40E-01,2.6799998
-4.44E-05,1.40E-01,2.6799998
-4.40E-05,1.20E-01,2.6399999
-4.36E-05,1.40E-01,2.6399999
-4.32E-05,1.60E-01,2.6399999
-4.28E-05,1.40E-01,2.5599999
-4.24E-05,1.40E-01,2.5999999
-4.20E-05,1.60E-01,2.5999999
-4.16E-05,1.60E-01,2.6399999
-4.12E-05,1.40E-01,2.5599999
-4.08E-05,1.60E-01,2.5599999
-4.04E-05,1.60E-01,2.5599999
-4.00E-05,1.60E-01,2.52
-3.96E-05,1.80E-01,2.52
-3.92E-05,1.80E-01,2.48
-3.88E-05,2.00E-01,2.48
-3.84E-05,1.80E-01,2.52
-3.80E-05,1.80E-01,2.48
-3.76E-05,2.20E-01,2.48
-3.72E-05,2.00E-01,2.4400001
-3.68E-05,2.00E-01,2.48
-3.64E-05,2.20E-01,2.48
-3.60E-05,2.00E-01,2.4400001
-3.56E-05,2.20E-01,2.3999999
-3.52E-05,2.20E-01,2.4400001
-3.48E-05,2.20E-01,2.48
-3.44E-05,2.20E-01,2.48
-3.40E-05,2.40E-01,2.3999999
-3.36E-05,2.20E-01,2.3999999
-3.32E-05,2.40E-01,2.4400001
-3.28E-05,2.60E-01,2.3999999
-3.24E-05,2.60E-01,2.3599999
-3.20E-05,2.60E-01,2.3599999
-3.16E-05,2.60E-01,2.4400001
-3.12E-05,2.80E-01,2.3999999
-3.08E-05,2.60E-01,2.4400001
-3.04E-05,3.00E-01,2.3999999
-3.00E-05,2.80E-01,2.3999999
-2.96E-05,2.80E-01,2.3999999
-2.92E-05,3.00E-01,2.3599999
-2.88E-05,3.00E-01,2.3599999
-2.84E-05,2.80E-01,2.3999999
-2.80E-05,3.00E-01,2.3999999
-2.76E-05,3.20E-01,2.3599999
-2.72E-05,3.40E-01,2.3599999
-2.68E-05,3.20E-01,2.3199999
-2.64E-05,3.60E-01,2.3599999
-2.60E-05,3.60E-01,2.3599999
-2.56E-05,3.40E-01,2.3599999
-2.52E-05,3.40E-01,2.3599999
-2.48E-05,3.80E-01,2.3199999
-2.44E-05,3.80E-01,2.3199999
-2.40E-05,3.60E-01,2.28
-2.36E-05,3.40E-01,2.28
-2.32E-05,3.80E-01,2.28
-2.28E-05,4.00E-01,2.28
-2.24E-05,4.00E-01,2.24
-2.20E-05,4.00E-01,2.28
-2.16E-05,4.00E-01,2.24
-2.12E-05,4.40E-01,2.24
-2.08E-05,4.40E-01,2.28
-2.04E-05,4.00E-01,2.2
-2.00E-05,4.40E-01,2.2
-1.96E-05,4.20E-01,2.2
-1.92E-05,4.20E-01,2.2
-1.88E-05,4.40E-01,2.1599998
-1.84E-05,4.60E-01,2.2
-1.80E-05,4.60E-01,2.2
-1.76E-05,4.80E-01,2.1599998
-1.72E-05,4.60E-01,2.1599998
-1.68E-05,4.80E-01,2.1599998
-1.64E-05,5.00E-01,2.1199999
-1.60E-05,5.00E-01,2.1599998
-1.56E-05,5.20E-01,2.1199999
-1.52E-05,5.00E-01,2.1599998
-1.48E-05,5.20E-01,2.1599998
-1.44E-05,5.20E-01,2.1199999
-1.40E-05,5.20E-01,2.1199999
-1.36E-05,5.40E-01,2.1199999
-1.32E-05,5.40E-01,2.1199999
-1.28E-05,5.60E-01,2.1199999
-1.24E-05,5.40E-01,2.1199999
-1.20E-05,5.60E-01,2.0799999
-1.16E-05,5.80E-01,2.04
-1.12E-05,5.60E-01,2.04
-1.08E-05,5.80E-01,2.04
-1.04E-05,6.00E-01,2.0799999
-1.00E-05,6.00E-01,2.04
-9.60E-06,6.00E-01,2.04
-9.20E-06,6.00E-01,2
-8.80E-06,6.20E-01,2.04
-8.40E-06,6.20E-01,2
-8.00E-06,6.80E-01,2
-7.60E-06,6.40E-01,2
-7.20E-06,6.80E-01,2
-6.80E-06,6.80E-01,2
-6.40E-06,6.80E-01,2.04
-6.00E-06,7.00E-01,2
-5.60E-06,7.20E-01,1.9599999
-5.20E-06,7.00E-01,2
-4.80E-06,7.20E-01,1.9599999
-4.40E-06,7.00E-01,1.9599999
-4.00E-06,7.20E-01,1.9599999
-3.60E-06,7.40E-01,1.9599999
-3.20E-06,7.40E-01,1.92
-2.80E-06,7.60E-01,1.92
-2.40E-06,7.60E-01,1.92
-2.00E-06,7.40E-01,1.92
-1.60E-06,7.60E-01,1.88
-1.20E-06,8.00E-01,1.92
-8.00E-07,7.80E-01,1.92
-4.00E-07,8.00E-01,1.92
4.46E-11,7.80E-01,1.92
4.00E-07,8.20E-01,1.8399999
8.00E-07,8.20E-01,1.88
1.20E-06,8.40E-01,1.88
1.60E-06,8.40E-01,1.88
2.00E-06,8.60E-01,1.88
2.40E-06,8.40E-01,1.88
2.80E-06,8.80E-01,1.88
3.20E-06,8.60E-01,1.8399999
3.60E-06,8.80E-01,1.88
4.00E-06,8.80E-01,1.8
4.40E-06,9.20E-01,1.88
4.80E-06,8.80E-01,1.88
5.20E-06,9.40E-01,1.88
5.60E-06,9.40E-01,1.8399999
6.00E-06,9.00E-01,1.8399999
6.40E-06,9.20E-01,1.88
6.80E-06,9.40E-01,1.8399999
7.20E-06,9.60E-01,1.8399999
7.60E-06,9.80E-01,1.8399999
8.00E-06,1,1.8399999
8.40E-06,9.60E-01,1.8399999
8.80E-06,9.60E-01,1.88
9.20E-06,1.02,1.8399999
9.60E-06,1.02,1.8399999
1.00E-05,1.02,1.8399999
1.04E-05,1.02,1.8
1.08E-05,1.0599999,1.8
1.12E-05,1.0599999,1.8399999
1.16E-05,1.0799999,1.76
1.20E-05,1.04,1.8
1.24E-05,1.04,1.8399999
1.28E-05,1.0799999,1.76
1.32E-05,1.1,1.8
1.36E-05,1.1,1.7199999
1.40E-05,1.1,1.76
1.44E-05,1.1,1.8
1.48E-05,1.12,1.7199999
1.52E-05,1.16,1.6799999
1.56E-05,1.14,1.7199999
1.60E-05,1.16,1.7199999
1.64E-05,1.14,1.6799999
1.68E-05,1.1799999,1.7199999
1.72E-05,1.22,1.6799999
1.76E-05,1.1999999,1.64
1.80E-05,1.1799999,1.5999999
1.84E-05,1.24,1.64
1.88E-05,1.22,1.64
1.92E-05,1.1999999,1.6799999
1.96E-05,1.24,1.5999999
2.00E-05,1.24,1.5999999
2.04E-05,1.28,1.5599999
2.08E-05,1.26,1.5999999
2.12E-05,1.28,1.6799999
2.16E-05,1.3,1.5999999
2.20E-05,1.26,1.64
2.24E-05,1.3,1.5999999
2.28E-05,1.3199999,1.64
2.32E-05,1.3199999,1.5999999
2.36E-05,1.3199999,1.5599999
2.40E-05,1.3399999,1.5999999
2.44E-05,1.36,1.5599999
2.48E-05,1.3399999,1.5999999
2.52E-05,1.4,1.5999999
2.56E-05,1.38,1.5599999
2.60E-05,1.4,1.5999999
2.64E-05,1.42,1.5999999
2.68E-05,1.42,1.5599999
2.72E-05,1.42,1.5999999
2.76E-05,1.4399999,1.5599999
2.80E-05,1.4,1.5599999
2.84E-05,1.4399999,1.5599999
2.88E-05,1.4399999,1.5599999
2.92E-05,1.5,1.5599999
2.96E-05,1.48,1.5599999
3.00E-05,1.48,1.5599999
3.04E-05,1.5,1.52
3.08E-05,1.48,1.52
3.12E-05,1.5,1.5599999
3.16E-05,1.52,1.52
3.20E-05,1.52,1.52
3.24E-05,1.5599999,1.48
3.28E-05,1.5599999,1.52
3.32E-05,1.5599999,1.52
3.36E-05,1.5799999,1.48
3.40E-05,1.5799999,1.48
3.44E-05,1.5599999,1.48
3.48E-05,1.5999999,1.52
3.52E-05,1.5599999,1.52
3.56E-05,1.5999999,1.4399999
3.60E-05,1.64,1.48
3.64E-05,1.64,1.48
3.68E-05,1.66,1.4399999
3.72E-05,1.64,1.48
3.76E-05,1.66,1.52
3.80E-05,1.64,1.48
3.84E-05,1.64,1.48
3.88E-05,1.6999999,1.48
3.92E-05,1.7199999,1.4399999
3.96E-05,1.6999999,1.48
4.00E-05,1.74,1.48
4.04E-05,1.7199999,1.48
4.08E-05,1.74,1.4399999
4.12E-05,1.6999999,1.4399999
4.16E-05,1.76,1.4399999
4.20E-05,1.76,1.48
4.24E-05,1.78,1.48
4.28E-05,1.78,1.4399999
4.32E-05,1.8,1.48
4.36E-05,1.76,1.48
4.40E-05,1.8199999,1.4399999
4.44E-05,1.78,1.4399999
4.48E-05,1.8,1.48
4.52E-05,1.86,1.36
4.56E-05,1.8199999,1.4399999
4.60E-05,1.86,1.4
4.64E-05,1.88,1.4
4.68E-05,1.88,1.36
4.72E-05,1.9,1.4
4.76E-05,1.88,1.4
4.80E-05,1.88,1.36
4.84E-05,1.88,1.36
4.88E-05,1.92,1.36
4.92E-05,1.92,1.36
4.96E-05,1.9599999,1.36
5.00E-05,1.9399999,1.3199999
5.04E-05,1.9599999,1.3199999
5.08E-05,1.9599999,1.36
5.12E-05,1.9599999,1.3199999
5.16E-05,1.9799999,1.3199999
5.20E-05,2,1.28
5.24E-05,2,1.28
5.28E-05,1.9799999,1.3199999
5.32E-05,2.02,1.24
5.36E-05,2.02,1.28
5.40E-05,2.04,1.28
5.44E-05,2.04,1.24
5.48E-05,2.0799999,1.24
5.52E-05,2.04,1.28
5.56E-05,2.04,1.28
5.60E-05,2.0599999,1.1999999
5.64E-05,2.0999999,1.28
5.68E-05,2.1199999,1.28
5.72E-05,2.0799999,1.1999999
5.76E-05,2.1199999,1.24
5.80E-05,2.1800001,1.1999999
5.84E-05,2.1199999,1.28
5.88E-05,2.0999999,1.1999999
5.92E-05,2.1599998,1.24
5.96E-05,2.1599998,1.1999999
6.00E-05,2.1800001,1.24
6.04E-05,2.1800001,1.1999999
6.08E-05,2.2,1.24
6.12E-05,2.1800001,1.24
6.16E-05,2.2,1.24
6.20E-05,2.2,1.24
6.24E-05,2.24,1.24
6.28E-05,2.28,1.24
6.32E-05,2.24,1.1999999
6.36E-05,2.26,1.1999999
6.40E-05,2.24,1.28
6.44E-05,2.26,1.24
6.48E-05,2.28,1.28
6.52E-05,2.26,1.28
6.56E-05,2.3199999,1.3199999
6.60E-05,2.3,1.24
6.64E-05,2.3399999,1.24
6.68E-05,2.3,1.1999999
6.72E-05,2.3799999,1.1999999
6.76E-05,2.3,1.24
6.80E-05,2.3599999,1.24
6.84E-05,2.3,1.1999999
6.88E-05,2.3799999,1.24
6.92E-05,2.3399999,1.1999999
6.96E-05,2.3799999,1.1999999
7.00E-05,2.3599999,1.16
7.04E-05,2.3999999,1.16
7.08E-05,2.4199998,1.1999999
7.12E-05,2.4400001,1.1999999
7.16E-05,2.3999999,1.1999999
7.20E-05,2.3999999,1.12
7.24E-05,2.46,1.16
7.28E-05,2.48,1.16
7.32E-05,2.46,1.16
7.36E-05,2.4400001,1.16
7.40E-05,2.46,1.16
7.44E-05,2.48,1.12
7.48E-05,2.46,1.12
7.52E-05,2.46,1.12
7.56E-05,2.48,1.16
7.60E-05,2.48,1.12
7.64E-05,2.48,1.12
7.68E-05,2.48,1.0799999
7.72E-05,2.48,1.12
7.76E-05,2.48,1.12
7.80E-05,2.48,1.12
7.84E-05,2.48,1.12
7.88E-05,2.48,1.12
7.92E-05,2.48,1.12
7.96E-05,2.48,1.0799999
8.00E-05,2.48,1.0799999
8.04E-05,2.48,1.0799999
8.08E-05,2.48,1.0799999
8.12E-05,2.48,1.12
8.16E-05,2.48,1.04
8.20E-05,2.48,1.0799999
8.24E-05,2.48,1.0799999
8.28E-05,2.48,1.04
8.32E-05,2.48,1.0799999
8.36E-05,2.48,1.0799999
8.40E-05,2.48,1.12
8.44E-05,2.48,1.04
8.48E-05,2.48,1.04
8.52E-05,2.48,1.0799999
8.56E-05,2.48,1.0799999
8.60E-05,2.48,1
8.64E-05,2.48,1.04
8.68E-05,2.48,1
8.72E-05,2.48,1
8.76E-05,2.48,1
8.80E-05,2.48,1
8.84E-05,2.48,1
8.88E-05,2.48,1
8.92E-05,2.48,9.60E-01
8.96E-05,2.48,1
9.00E-05,2.48,1
9.04E-05,2.48,1
9.08E-05,2.48,9.20E-01
9.12E-05,2.48,1
9.16E-05,2.48,9.60E-01
9.20E-05,2.48,9.60E-01
9.24E-05,2.48,1
9.28E-05,2.48,1
9.32E-05,2.48,1
9.36E-05,2.48,1
9.40E-05,2.48,1
9.44E-05,2.48,9.20E-01
9.48E-05,2.48,1
9.52E-05,2.48,9.60E-01
9.56E-05,2.48,1
9.60E-05,2.48,1
9.64E-05,2.48,9.60E-01
9.68E-05,2.48,9.60E-01
9.72E-05,2.48,9.60E-01
9.76E-05,2.48,9.60E-01
9.80E-05,2.48,1
9.84E-05,2.48,1
9.88E-05,2.48,1
9.92E-05,2.48,9.60E-01
9.96E-05,2.48,1
1.00E-04,2.48,1
1.00E-04,2.48,1
1.01E-04,2.48,1
1.01E-04,2.48,1
1.02E-04,2.48,9.60E-01
1.02E-04,2.48,1.0799999
1.02E-04,2.48,1
1.03E-04,2.48,1
1.03E-04,2.48,9.60E-01
1.04E-04,2.48,1.04
1.04E-04,2.48,9.60E-01
1.04E-04,2.48,9.60E-01
1.05E-04,2.48,9.60E-01
1.05E-04,2.48,1
1.06E-04,2.48,9.60E-01
1.06E-04,2.48,9.20E-01
1.06E-04,2.48,9.60E-01
1.07E-04,2.48,9.60E-01
1.07E-04,2.48,9.20E-01
1.08E-04,2.48,9.60E-01
1.08E-04,2.48,9.20E-01
1.08E-04,2.48,9.20E-01
1.09E-04,2.48,9.20E-01
1.09E-04,2.48,8.80E-01
1.10E-04,2.48,9.20E-01
1.10E-04,2.48,8.80E-01
1.10E-04,2.48,8.80E-01
1.11E-04,2.48,8.40E-01
1.11E-04,2.48,8.80E-01
1.12E-04,2.48,8.00E-01
1.12E-04,2.48,8.80E-01
1.12E-04,2.48,8.80E-01
1.13E-04,2.48,8.80E-01
1.13E-04,2.48,8.80E-01
1.14E-04,2.48,8.80E-01
1.14E-04,2.48,8.40E-01
1.14E-04,2.48,8.00E-01
1.15E-04,2.48,8.40E-01
1.15E-04,2.48,8.40E-01
1.16E-04,2.48,8.40E-01
1.16E-04,2.48,8.40E-01
1.16E-04,2.48,8.40E-01
1.17E-04,2.48,8.40E-01
1.17E-04,2.48,8.00E-01
1.18E-04,2.48,8.40E-01
1.18E-04,2.48,8.80E-01
1.18E-04,2.48,8.40E-01
1.19E-04,2.48,8.80E-01
1.19E-04,2.48,8.00E-01
1.20E-04,2.48,8.00E-01
1.20E-04,2.48,8.40E-01
1.20E-04,2.48,8.00E-01
1.21E-04,2.48,8.40E-01
1.21E-04,2.48,8.00E-01
1.22E-04,2.48,8.40E-01
1.22E-04,2.48,8.40E-01
1.22E-04,2.48,8.80E-01
1.23E-04,2.48,8.40E-01
1.23E-04,2.48,8.80E-01
1.24E-04,2.48,8.00E-01
1.24E-04,2.48,8.40E-01
1.24E-04,2.48,7.60E-01
1.25E-04,2.48,8.00E-01
1.25E-04,2.48,8.00E-01
1.26E-04,2.48,7.60E-01
1.26E-04,2.48,8.40E-01
1.26E-04,2.48,7.60E-01
1.27E-04,2.48,8.00E-01
1.27E-04,2.48,8.00E-01
1.28E-04,2.48,8.40E-01
1.28E-04,2.48,8.00E-01
1.28E-04,2.48,8.00E-01
1.29E-04,2.48,8.40E-01
1.29E-04,2.48,7.60E-01
1.30E-04,2.48,8.00E-01
1.30E-04,2.48,7.60E-01
1.30E-04,2.48,7.60E-01
1.31E-04,2.48,8.00E-01
1.31E-04,2.48,8.00E-01
1.32E-04,2.48,7.60E-01
1.32E-04,2.48,8.00E-01
1.32E-04,2.48,8.00E-01
1.33E-04,2.48,8.00E-01
1.33E-04,2.48,8.00E-01
1.34E-04,2.48,7.60E-01
1.34E-04,2.48,8.00E-01
1.34E-04,2.48,8.00E-01
1.35E-04,2.48,7.60E-01
1.35E-04,2.48,8.00E-01
1.36E-04,2.48,8.00E-01
1.36E-04,2.48,7.60E-01
1.36E-04,2.48,7.60E-01
1.37E-04,2.48,7.60E-01
1.37E-04,2.48,8.00E-01
1.38E-04,2.48,8.40E-01
1.38E-04,2.48,8.00E-01
1.38E-04,2.48,8.00E-01
1.39E-04,2.48,7.60E-01
1.39E-04,2.48,7.60E-01
1.40E-04,2.48,7.60E-01
1.40E-04,2.48,8.00E-01
1.40E-04,2.48,7.20E-01
1.41E-04,2.48,7.20E-01
1.41E-04,2.48,7.20E-01
1.42E-04,2.48,7.60E-01
1.42E-04,2.48,7.20E-01
1.42E-04,2.48,7.20E-01
1.43E-04,2.48,7.20E-01
1.43E-04,2.48,7.60E-01
1.44E-04,2.48,7.20E-01
1.44E-04,2.48,7.20E-01
1.44E-04,2.48,6.80E-01
1.45E-04,2.48,7.60E-01
1.45E-04,2.48,6.80E-01
1.46E-04,2.48,6.00E-01
1.46E-04,2.48,6.40E-01
1.46E-04,2.48,6.80E-01
1.47E-04,2.48,6.40E-01
1.47E-04,2.48,6.40E-01
1.48E-04,2.48,6.40E-01
1.48E-04,2.48,6.80E-01
1.48E-04,2.48,6.80E-01
1.49E-04,2.48,6.00E-01
1.49E-04,2.48,6.40E-01
1.50E-04,2.48,6.00E-01
1.50E-04,2.48,6.40E-01
1.50E-04,2.48,6.80E-01
1.51E-04,2.48,6.40E-01
1.51E-04,2.48,6.40E-01
1.52E-04,2.48,6.00E-01
1.52E-04,2.48,6.80E-01
1.52E-04,2.48,6.80E-01
1.53E-04,2.48,6.80E-01
1.53E-04,2.48,6.80E-01
1.54E-04,2.48,6.40E-01
1.54E-04,2.48,6.80E-01
1.54E-04,2.48,6.00E-01
1.55E-04,2.48,6.80E-01
1.55E-04,2.48,6.40E-01
1.56E-04,2.48,6.40E-01
1.56E-04,2.48,6.40E-01
1.56E-04,2.48,6.80E-01
1.57E-04,2.48,6.40E-01
1.57E-04,2.48,6.40E-01
1.58E-04,2.48,6.80E-01
1.58E-04,2.48,6.80E-01
1.58E-04,2.48,6.80E-01
1.59E-04,2.48,6.80E-01
1.59E-04,2.48,6.80E-01
1.60E-04,2.48,6.80E-01
1.60E-04,2.48,6.80E-01
1.60E-04,2.48,6.40E-01
1.61E-04,2.48,6.40E-01
1.61E-04,2.48,6.80E-01
1.62E-04,2.48,6.00E-01
1.62E-04,2.48,6.80E-01
1.62E-04,2.48,6.80E-01
1.63E-04,2.48,6.40E-01
1.63E-04,2.48,6.40E-01
1.64E-04,2.48,7.20E-01
1.64E-04,2.48,6.00E-01
1.64E-04,2.48,6.40E-01
1.65E-04,2.48,6.40E-01
1.65E-04,2.48,6.40E-01
1.66E-04,2.48,6.40E-01
1.66E-04,2.48,6.00E-01
1.66E-04,2.48,6.00E-01
1.67E-04,2.48,5.60E-01
1.67E-04,2.48,6.00E-01
1.68E-04,2.48,6.00E-01
1.68E-04,2.48,6.00E-01
1.68E-04,2.48,6.00E-01
1.69E-04,2.48,5.60E-01
1.69E-04,2.48,5.60E-01
1.70E-04,2.48,6.00E-01
1.70E-04,2.48,5.60E-01
1.70E-04,2.48,6.00E-01
1.71E-04,2.48,6.00E-01
1.71E-04,2.48,6.00E-01
1.72E-04,2.48,6.00E-01
1.72E-04,2.48,5.60E-01
1.72E-04,2.48,5.60E-01
1.73E-04,2.48,6.00E-01
1.73E-04,2.48,5.60E-01
1.74E-04,2.48,5.60E-01
1.74E-04,2.48,6.00E-01
1.74E-04,2.48,5.60E-01
1.75E-04,2.48,5.60E-01
1.75E-04,2.48,6.00E-01
1.76E-04,2.48,5.60E-01
1.76E-04,2.48,5.20E-01
1.76E-04,2.48,6.00E-01
1.77E-04,2.48,5.60E-01
1.77E-04,2.48,6.00E-01
1.78E-04,2.48,5.60E-01
1.78E-04,2.48,5.20E-01
1.78E-04,2.48,5.60E-01
1.79E-04,2.48,5.60E-01
1.79E-04,2.48,5.20E-01
1.80E-04,2.48,5.20E-01
1.80E-04,2.48,5.20E-01
1.80E-04,2.48,5.60E-01
1.81E-04,2.48,5.20E-01
1.81E-04,2.48,5.60E-01
1.82E-04,2.48,5.20E-01
1.82E-04,2.48,4.80E-01
1.82E-04,2.48,4.80E-01
1.83E-04,2.48,5.20E-01
1.83E-04,2.48,5.20E-01
1.84E-04,2.48,4.80E-01
1.84E-04,2.48,5.60E-01
1.84E-04,2.48,5.20E-01
1.85E-04,2.48,5.20E-01
1.85E-04,2.48,4.40E-01
1.86E-04,2.48,5.20E-01
1.86E-04,2.48,4.40E-01
1.86E-04,2.48,4.80E-01
1.87E-04,2.48,4.80E-01
1.87E-04,2.48,4.80E-01
1.88E-04,2.48,4.40E-01
1.88E-04,2.48,5.20E-01
1.88E-04,2.48,5.20E-01
1.89E-04,2.48,4.40E-01
1.89E-04,2.48,4.80E-01
1.90E-04,2.48,5.20E-01
1.90E-04,2.48,5.20E-01
1.90E-04,2.48,5.20E-01
1.91E-04,2.48,4.80E-01
1.91E-04,2.48,5.20E-01
1.92E-04,2.48,5.60E-01
1.92E-04,2.48,5.20E-01
1.92E-04,2.48,5.20E-01
1.93E-04,2.48,5.20E-01
1.93E-04,2.48,5.20E-01
1.94E-04,2.48,5.20E-01
1.94E-04,2.48,5.20E-01
1.94E-04,2.48,5.60E-01
1.95E-04,2.48,4.80E-01
1.95E-04,2.48,5.60E-01
1.96E-04,2.48,5.20E-01
1.96E-04,2.48,5.20E-01
1.96E-04,2.48,5.60E-01
1.97E-04,2.48,5.20E-01
1.97E-04,2.48,5.60E-01
1.98E-04,2.48,5.20E-01
1.98E-04,2.48,4.80E-01
1.98E-04,2.48,4.80E-01
1.99E-04,2.48,5.20E-01
1.99E-04,2.48,4.80E-01
2.00E-04,2.48,4.80E-01
2.00E-04,2.48,4.80E-01
2.00E-04,2.48,4.80E-01
2.01E-04,2.48,4.80E-01
2.01E-04,2.48,5.20E-01
2.02E-04,2.48,4.80E-01
2.02E-04,2.48,4.40E-01
2.02E-04,2.48,4.40E-01
2.03E-04,2.48,5.20E-01
2.03E-04,2.48,4.40E-01
2.04E-04,2.48,4.80E-01
2.04E-04,2.48,4.00E-01
2.04E-04,2.48,4.80E-01
2.05E-04,2.48,4.40E-01
2.05E-04,2.48,4.00E-01
2.06E-04,2.48,4.00E-01
2.06E-04,2.48,4.40E-01
2.06E-04,2.48,4.00E-01
2.07E-04,2.48,4.40E-01
2.07E-04,2.48,4.40E-01
2.08E-04,2.48,4.40E-01
2.08E-04,2.48,4.40E-01
2.08E-04,2.48,4.40E-01
2.09E-04,2.48,4.00E-01
2.09E-04,2.48,4.00E-01
2.10E-04,2.48,3.60E-01
2.10E-04,2.48,4.00E-01
2.10E-04,2.48,4.00E-01
2.11E-04,2.48,4.00E-01
2.11E-04,2.48,3.60E-01
2.12E-04,2.48,3.60E-01
2.12E-04,2.48,4.00E-01
2.12E-04,2.48,4.40E-01
2.13E-04,2.48,4.00E-01
2.13E-04,2.48,4.00E-01
2.14E-04,2.48,4.40E-01
2.14E-04,2.48,4.40E-01
2.14E-04,2.48,3.60E-01
2.15E-04,2.48,4.40E-01
2.15E-04,2.48,3.60E-01
2.16E-04,2.48,3.60E-01
2.16E-04,2.48,4.40E-01
2.16E-04,2.48,4.00E-01
2.17E-04,2.48,4.40E-01
2.17E-04,2.48,4.00E-01
2.18E-04,2.48,3.20E-01
2.18E-04,2.48,3.60E-01
2.18E-04,2.48,3.60E-01
2.19E-04,2.48,3.60E-01
2.19E-04,2.48,4.00E-01
2.20E-04,2.48,3.60E-01
2.20E-04,2.48,4.00E-01
2.20E-04,2.48,3.20E-01
2.21E-04,2.48,4.00E-01
2.21E-04,2.48,4.00E-01
2.22E-04,2.48,4.00E-01
2.22E-04,2.48,4.00E-01
2.22E-04,2.48,4.00E-01
2.23E-04,2.48,3.60E-01
2.23E-04,2.48,4.40E-01
2.24E-04,2.48,4.00E-01
2.24E-04,2.48,4.00E-01
2.24E-04,2.48,4.00E-01
2.25E-04,2.48,3.60E-01
2.25E-04,2.48,4.00E-01
2.26E-04,2.48,4.00E-01
2.26E-04,2.48,4.00E-01
2.26E-04,2.48,3.60E-01
2.27E-04,2.48,3.60E-01
2.27E-04,2.48,4.00E-01
2.28E-04,2.48,4.00E-01
2.28E-04,2.48,4.00E-01
2.28E-04,2.48,3.60E-01
2.29E-04,2.48,3.60E-01
2.29E-04,2.48,4.00E-01
2.30E-04,2.48,4.40E-01
2.30E-04,2.48,3.60E-01
2.30E-04,2.48,4.00E-01
2.31E-04,2.48,4.00E-01
2.31E-04,2.48,4.40E-01
2.32E-04,2.48,4.40E-01
2.32E-04,2.48,4.00E-01
2.32E-04,2.48,4.00E-01
2.33E-04,2.48,3.60E-01
2.33E-04,2.48,3.60E-01
2.34E-04,2.48,3.60E-01
2.34E-04,2.48,4.00E-01
2.34E-04,2.48,3.60E-01
2.35E-04,2.48,3.60E-01
2.35E-04,2.48,4.00E-01
2.36E-04,2.48,3.20E-01
2.36E-04,2.48,3.60E-01
2.36E-04,2.48,3.60E-01
2.37E-04,2.48,3.60E-01
2.37E-04,2.48,3.20E-01
2.38E-04,2.48,3.60E-01
2.38E-04,2.48,3.60E-01
2.38E-04,2.48,2.80E-01
2.39E-04,2.48,3.60E-01
2.39E-04,2.48,2.80E-01
2.40E-04,2.48,3.20E-01
2.40E-04,2.48,2.80E-01
2.40E-04,2.48,2.80E-01
2.41E-04,2.48,3.20E-01
2.41E-04,2.48,3.20E-01
2.42E-04,2.48,2.80E-01
2.42E-04,2.48,3.20E-01
2.42E-04,2.48,3.20E-01
2.43E-04,2.48,3.20E-01
2.43E-04,2.48,2.40E-01
2.44E-04,2.48,2.40E-01
2.44E-04,2.48,3.60E-01
2.44E-04,2.48,2.80E-01
2.45E-04,2.48,3.20E-01
2.45E-04,2.48,2.80E-01
2.46E-04,2.48,2.80E-01
2.46E-04,2.48,2.80E-01
2.46E-04,2.48,3.20E-01
2.47E-04,2.48,3.60E-01
2.47E-04,2.48,3.60E-01
2.48E-04,2.48,3.20E-01
2.48E-04,2.48,2.80E-01
2.48E-04,2.48,2.80E-01
2.49E-04,2.48,3.20E-01
2.49E-04,2.48,3.20E-01
2.50E-04,2.48,3.60E-01
2.50E-04,2.48,3.20E-01
2.50E-04,2.48,3.20E-01
2.51E-04,2.48,3.20E-01
2.51E-04,2.48,3.20E-01
2.52E-04,2.48,2.80E-01
2.52E-04,2.48,3.60E-01
2.52E-04,2.48,3.60E-01
2.53E-04,2.48,3.20E-01
2.53E-04,2.48,2.80E-01
2.54E-04,2.48,3.20E-01
2.54E-04,2.48,3.20E-01
2.54E-04,2.48,3.20E-01
2.55E-04,2.48,2.80E-01
2.55E-04,2.48,2.40E-01
2.56E-04,2.48,3.60E-01
2.56E-04,2.48,3.20E-01
2.56E-04,2.48,3.60E-01
2.57E-04,2.48,3.20E-01
2.57E-04,2.48,3.60E-01
2.58E-04,2.48,3.20E-01
2.58E-04,2.48,3.20E-01
2.58E-04,2.48,3.20E-01
2.59E-04,2.48,3.20E-01
2.59E-04,2.48,3.20E-01
2.60E-04,2.48,2.80E-01
2.60E-04,2.48,2.80E-01
2.60E-04,2.48,3.20E-01
2.61E-04,2.48,2.80E-01
2.61E-04,2.48,3.20E-01
2.62E-04,2.48,2.40E-01
2.62E-04,2.48,3.20E-01
2.62E-04,2.48,3.20E-01
2.63E-04,2.48,2.80E-01
2.63E-04,2.48,2.80E-01
2.64E-04,2.48,3.20E-01
2.64E-04,2.48,2.80E-01
2.64E-04,2.48,3.20E-01
2.65E-04,2.48,3.20E-01
2.65E-04,2.48,2.80E-01
2.66E-04,2.48,3.20E-01
2.66E-04,2.48,2.80E-01
2.66E-04,2.48,2.80E-01
2.67E-04,2.48,2.80E-01
2.67E-04,2.48,3.20E-01
2.68E-04,2.48,2.80E-01
2.68E-04,2.48,2.80E-01
2.68E-04,2.48,2.40E-01
2.69E-04,2.48,2.80E-01
2.69E-04,2.48,3.20E-01
2.70E-04,2.48,2.40E-01
2.70E-04,2.48,2.80E-01
2.70E-04,2.48,2.80E-01
2.71E-04,2.48,2.80E-01
2.71E-04,2.48,2.80E-01
2.72E-04,2.48,2.80E-01
2.72E-04,2.48,2.80E-01
2.72E-04,2.48,2.40E-01
2.73E-04,2.48,2.00E-01
2.73E-04,2.48,2.40E-01
2.74E-04,2.48,2.80E-01
2.74E-04,2.48,2.00E-01
2.74E-04,2.48,2.80E-01
2.75E-04,2.48,2.40E-01
2.75E-04,2.48,2.40E-01
2.76E-04,2.48,2.80E-01
2.76E-04,2.48,2.40E-01
2.76E-04,2.48,2.00E-01
2.77E-04,2.48,2.00E-01
2.77E-04,2.48,2.00E-01
2.78E-04,2.48,1.60E-01
2.78E-04,2.48,1.60E-01
2.78E-04,2.48,2.00E-01
2.79E-04,2.48,2.40E-01
2.79E-04,2.48,2.00E-01
2.80E-04,2.48,1.60E-01
2.80E-04,2.48,2.00E-01
2.80E-04,2.48,1.60E-01
2.81E-04,2.48,2.40E-01
2.81E-04,2.48,2.00E-01
2.82E-04,2.48,2.00E-01
2.82E-04,2.48,2.80E-01
2.82E-04,2.48,2.80E-01
2.83E-04,2.48,2.00E-01
2.83E-04,2.48,2.00E-01
2.84E-04,2.48,2.40E-01
2.84E-04,2.48,2.40E-01
2.84E-04,2.48,2.40E-01
2.85E-04,2.48,2.00E-01
2.85E-04,2.48,2.80E-01
2.86E-04,2.48,2.80E-01
2.86E-04,2.48,2.40E-01
2.86E-04,2.48,2.40E-01
2.87E-04,2.48,3.20E-01
2.87E-04,2.48,2.80E-01
2.88E-04,2.48,2.80E-01
2.88E-04,2.48,2.40E-01
2.88E-04,2.48,2.40E-01
2.89E-04,2.48,2.40E-01
2.89E-04,2.48,2.80E-01
2.90E-04,2.48,2.80E-01
2.90E-04,2.48,2.40E-01
2.90E-04,2.48,2.80E-01
2.91E-04,2.48,2.40E-01
2.91E-04,2.48,2.40E-01
2.92E-04,2.48,2.80E-01
2.92E-04,2.48,2.80E-01
2.92E-04,2.48,2.40E-01
2.93E-04,2.48,2.40E-01
2.93E-04,2.48,2.40E-01
2.94E-04,2.48,2.80E-01
2.94E-04,2.48,2.80E-01
2.94E-04,2.48,2.40E-01
2.95E-04,2.48,2.00E-01
2.95E-04,2.48,2.00E-01
2.96E-04,2.48,2.00E-01
2.96E-04,2.48,2.40E-01
2.96E-04,2.48,2.00E-01
2.97E-04,2.48,2.40E-01
2.97E-04,2.48,1.60E-01
2.98E-04,2.48,1.60E-01
2.98E-04,2.48,2.00E-01
2.98E-04,2.48,2.00E-01
2.99E-04,2.48,2.00E-01
2.99E-04,2.48,2.00E-01
3.00E-04,2.48,1.60E-01
3.00E-04,2.48,2.00E-01
3.00E-04,2.48,1.60E-01
3.01E-04,2.48,2.00E-01
3.01E-04,2.48,1.60E-01
3.02E-04,2.48,2.00E-01
3.02E-04,2.48,1.60E-01
3.02E-04,2.48,2.00E-01
3.03E-04,2.48,1.60E-01
3.03E-04,2.48,2.00E-01
3.04E-04,2.48,1.60E-01
3.04E-04,2.48,2.00E-01
3.04E-04,2.48,1.20E-01
3.05E-04,2.48,2.00E-01
3.05E-04,2.48,1.60E-01
3.06E-04,2.48,2.00E-01
3.06E-04,2.48,1.60E-01
3.06E-04,2.48,2.00E-01
3.07E-04,2.48,2.40E-01
3.07E-04,2.48,1.60E-01
3.08E-04,2.48,1.60E-01
3.08E-04,2.48,1.20E-01
3.08E-04,2.48,2.00E-01
3.09E-04,2.48,1.60E-01
3.09E-04,2.48,2.00E-01
3.10E-04,2.48,1.20E-01
3.10E-04,2.48,1.60E-01
3.10E-04,2.48,1.60E-01
3.11E-04,2.48,1.60E-01
3.11E-04,2.48,1.20E-01
3.12E-04,2.48,2.00E-01
3.12E-04,2.48,1.20E-01
3.12E-04,2.48,1.20E-01
3.13E-04,2.48,1.20E-01
3.13E-04,2.48,2.00E-01
3.14E-04,2.48,1.60E-01
3.14E-04,2.48,1.60E-01
3.14E-04,2.48,1.60E-01
3.15E-04,2.48,2.00E-01
3.15E-04,2.48,1.60E-01
3.16E-04,2.48,2.00E-01
3.16E-04,2.48,2.00E-01
3.16E-04,2.48,1.60E-01
3.17E-04,2.48,1.60E-01
3.17E-04,2.48,1.60E-01
3.18E-04,2.48,1.60E-01
3.18E-04,2.48,2.00E-01
3.18E-04,2.48,1.60E-01
3.19E-04,2.48,2.00E-01
3.19E-04,2.48,1.60E-01
3.20E-04,2.48,2.00E-01
3.20E-04,2.48,2.00E-01
3.20E-04,2.48,2.40E-01
3.21E-04,2.48,2.00E-01
3.21E-04,2.48,2.00E-01
3.22E-04,2.48,2.00E-01
3.22E-04,2.48,2.40E-01
3.22E-04,2.48,1.60E-01
3.23E-04,2.48,1.20E-01
3.23E-04,2.48,2.40E-01
3.24E-04,2.48,1.60E-01
3.24E-04,2.48,2.00E-01
3.24E-04,2.48,1.60E-01
3.25E-04,2.48,1.60E-01
3.25E-04,2.48,2.00E-01
3.26E-04,2.48,2.00E-01
3.26E-04,2.48,2.00E-01
3.26E-04,2.48,1.60E-01
3.27E-04,2.48,1.60E-01
3.27E-04,2.48,1.60E-01
3.28E-04,2.48,1.60E-01
3.28E-04,2.48,2.00E-01
3.28E-04,2.48,1.60E-01
3.29E-04,2.48,1.60E-01
3.29E-04,2.48,1.20E-01
3.30E-04,2.48,1.60E-01
3.30E-04,2.48,1.20E-01
3.30E-04,2.48,1.60E-01
3.31E-04,2.48,1.60E-01
3.31E-04,2.48,1.60E-01
3.32E-04,2.48,1.20E-01
3.32E-04,2.48,8.00E-02
3.32E-04,2.48,8.00E-02
3.33E-04,2.48,8.00E-02
3.33E-04,2.48,8.00E-02
3.34E-04,2.48,1.20E-01
3.34E-04,2.48,1.20E-01
3.34E-04,2.48,0
3.35E-04,2.48,1.20E-01
3.35E-04,2.48,8.00E-02
3.36E-04,2.48,1.20E-01
3.36E-04,2.48,1.60E-01
3.36E-04,2.48,8.00E-02
3.37E-04,2.48,8.00E-02
3.37E-04,2.48,1.20E-01
3.38E-04,2.48,8.00E-02
3.38E-04,2.48,1.20E-01
3.38E-04,2.48,1.20E-01
3.39E-04,2.48,4.00E-02
3.39E-04,2.48,8.00E-02
3.40E-04,2.48,1.60E-01
3.40E-04,2.48,8.00E-02
3.40E-04,2.48,8.00E-02
3.41E-04,2.48,1.20E-01
3.41E-04,2.48,1.20E-01
3.42E-04,2.48,1.20E-01
3.42E-04,2.48,1.60E-01
3.42E-04,2.48,1.20E-01
3.43E-04,2.48,1.60E-01
3.43E-04,2.48,1.20E-01
3.44E-04,2.48,1.20E-01
3.44E-04,2.48,1.20E-01
3.44E-04,2.48,1.60E-01
3.45E-04,2.48,1.20E-01
3.45E-04,2.48,1.20E-01
3.46E-04,2.48,1.60E-01
3.46E-04,2.48,1.60E-01
3.46E-04,2.48,1.20E-01
3.47E-04,2.48,1.60E-01
3.47E-04,2.48,1.20E-01
3.48E-04,2.48,8.00E-02
3.48E-04,2.48,1.60E-01
3.48E-04,2.48,1.20E-01
3.49E-04,2.48,1.20E-01
3.49E-04,2.48,1.20E-01
3.50E-04,2.48,1.20E-01
3.50E-04,2.48,1.60E-01
3.50E-04,2.48,1.20E-01
3.51E-04,2.48,1.20E-01
3.51E-04,2.48,1.20E-01
3.52E-04,2.48,8.00E-02
3.52E-04,2.48,8.00E-02
3.52E-04,2.48,1.20E-01
3.53E-04,2.48,1.20E-01
3.53E-04,2.48,1.20E-01
3.54E-04,2.48,1.20E-01
3.54E-04,2.48,1.60E-01
3.54E-04,2.48,1.60E-01
3.55E-04,2.48,8.00E-02
3.55E-04,2.48,1.20E-01
3.56E-04,2.48,1.60E-01
3.56E-04,2.48,1.20E-01
3.56E-04,2.48,1.20E-01
3.57E-04,2.48,1.60E-01
3.57E-04,2.48,1.20E-01
3.58E-04,2.48,1.20E-01
3.58E-04,2.48,1.60E-01
3.58E-04,2.48,1.20E-01
3.59E-04,2.48,1.60E-01
3.59E-04,2.48,1.20E-01
3.60E-04,2.48,1.20E-01
3.60E-04,2.48,1.20E-01
3.60E-04,2.48,1.20E-01
3.61E-04,2.48,1.20E-01
3.61E-04,2.48,1.60E-01
3.62E-04,2.48,1.60E-01
3.62E-04,2.48,1.20E-01
3.62E-04,2.48,8.00E-02
3.63E-04,2.48,8.00E-02
3.63E-04,2.48,1.20E-01
3.64E-04,2.48,8.00E-02
3.64E-04,2.48,8.00E-02
3.64E-04,2.48,8.00E-02
3.65E-04,2.48,1.60E-01
3.65E-04,2.48,1.20E-01
3.66E-04,2.48,1.20E-01
3.66E-04,2.48,8.00E-02
3.66E-04,2.48,8.00E-02
3.67E-04,2.48,8.00E-02
3.67E-04,2.48,1.20E-01
3.68E-04,2.48,4.00E-02
3.68E-04,2.48,8.00E-02
3.68E-04,2.48,8.00E-02
3.69E-04,2.48,4.00E-02
3.69E-04,2.48,8.00E-02
3.70E-04,2.48,4.00E-02
3.70E-04,2.48,4.00E-02
3.70E-04,2.48,4.00E-02
3.71E-04,2.48,8.00E-02
3.71E-04,2.48,8.00E-02
3.72E-04,2.48,4.00E-02
3.72E-04,2.48,8.00E-02
3.72E-04,2.48,4.00E-02
3.73E-04,2.48,8.00E-02
3.73E-04,2.48,4.00E-02
3.74E-04,2.48,8.00E-02
3.74E-04,2.48,4.00E-02
3.74E-04,2.48,4.00E-02
3.75E-04,2.48,8.00E-02
3.75E-04,2.48,8.00E-02
3.76E-04,2.48,8.00E-02
3.76E-04,2.48,4.00E-02
3.76E-04,2.48,4.00E-02
3.77E-04,2.48,1.20E-01
3.77E-04,2.48,4.00E-02
3.78E-04,2.48,1.20E-01
3.78E-04,2.48,1.20E-01
3.78E-04,2.48,8.00E-02
3.79E-04,2.48,4.00E-02
3.79E-04,2.48,1.60E-01
3.80E-04,2.48,1.20E-01
3.80E-04,2.48,1.20E-01
3.80E-04,2.48,8.00E-02
3.81E-04,2.48,1.20E-01
3.81E-04,2.48,1.20E-01
3.82E-04,2.48,1.20E-01
3.82E-04,2.48,1.60E-01
3.82E-04,2.48,1.60E-01
3.83E-04,2.48,1.20E-01
3.83E-04,2.48,1.20E-01
3.84E-04,2.48,1.20E-01
3.84E-04,2.48,1.20E-01
3.84E-04,2.48,8.00E-02
3.85E-04,2.48,1.20E-01
3.85E-04,2.48,4.00E-02
3.86E-04,2.48,8.00E-02
3.86E-04,2.48,1.20E-01
3.86E-04,2.48,1.60E-01
3.87E-04,2.48,8.00E-02
3.87E-04,2.48,4.00E-02
3.88E-04,2.48,1.20E-01
3.88E-04,2.48,8.00E-02
3.88E-04,2.48,8.00E-02
3.89E-04,2.48,8.00E-02
3.89E-04,2.48,4.00E-02
3.90E-04,2.48,8.00E-02
3.90E-04,2.48,8.00E-02
3.90E-04,2.48,8.00E-02
3.91E-04,2.48,8.00E-02
3.91E-04,2.48,4.00E-02
3.92E-04,2.48,4.00E-02
3.92E-04,2.48,8.00E-02
3.92E-04,2.48,1.20E-01
3.93E-04,2.48,4.00E-02
3.93E-04,2.48,1.20E-01
3.94E-04,2.48,8.00E-02
3.94E-04,2.48,8.00E-02
3.94E-04,2.48,8.00E-02
3.95E-04,2.48,8.00E-02
3.95E-04,2.48,4.00E-02
3.96E-04,2.48,0
3.96E-04,2.48,4.00E-02
3.96E-04,2.48,8.00E-02
3.97E-04,2.48,4.00E-02
3.97E-04,2.48,4.00E-02
3.98E-04,2.48,4.00E-02
3.98E-04,2.48,4.00E-02
3.98E-04,2.48,4.00E-02
3.99E-04,2.48,4.00E-02
3.99E-04,2.48,1.20E-01
4.00E-04,2.48,1.20E-01
4.00E-04,2.48,4.00E-02
4.00E-04,2.48,1.20E-01
4.01E-04,2.48,8.00E-02
4.01E-04,2.48,8.00E-02
4.02E-04,2.48,0
4.02E-04,2.48,0
4.02E-04,2.48,4.00E-02
4.03E-04,2.48,4.00E-02
4.03E-04,2.48,0
4.04E-04,2.48,0
4.04E-04,2.48,0
4.04E-04,2.48,4.00E-02
4.05E-04,2.48,4.00E-02
4.05E-04,2.48,0
4.06E-04,2.48,4.00E-02
4.06E-04,2.48,4.00E-02
4.06E-04,2.48,0
4.07E-04,2.48,0
4.07E-04,2.48,0
4.08E-04,2.48,0
4.08E-04,2.48,8.00E-02
4.08E-04,2.48,4.00E-02
4.09E-04,2.48,4.00E-02
4.09E-04,2.48,4.00E-02
4.10E-04,2.48,8.00E-02
4.10E-04,2.48,8.00E-02
4.10E-04,2.48,8.00E-02
4.11E-04,2.48,0
4.11E-04,2.48,4.00E-02
4.12E-04,2.48,8.00E-02
4.12E-04,2.48,4.00E-02
4.12E-04,2.48,8.00E-02
4.13E-04,2.48,1.20E-01
4.13E-04,2.48,4.00E-02
4.14E-04,2.48,4.00E-02
4.14E-04,2.48,4.00E-02
4.14E-04,2.48,8.00E-02
4.15E-04,2.48,1.20E-01
4.15E-04,2.48,1.20E-01
4.16E-04,2.48,1.20E-01
4.16E-04,2.48,8.00E-02
4.16E-04,2.48,1.20E-01
4.17E-04,2.48,8.00E-02
4.17E-04,2.48,8.00E-02
4.18E-04,2.48,8.00E-02
4.18E-04,2.48,1.20E-01
4.18E-04,2.48,8.00E-02
4.19E-04,2.48,1.20E-01
4.19E-04,2.48,1.20E-01
4.20E-04,2.48,1.20E-01
4.20E-04,2.48,8.00E-02
4.20E-04,2.48,1.20E-01
4.21E-04,2.48,1.20E-01
4.21E-04,2.48,8.00E-02
4.22E-04,2.48,8.00E-02
4.22E-04,2.48,1.20E-01
4.22E-04,2.48,8.00E-02
4.23E-04,2.48,4.00E-02
4.23E-04,2.48,8.00E-02
4.24E-04,2.48,1.20E-01