-3.02E-04,-4.00E-02,0
-3.02E-04,2.00E-02,4.00E-02
-3.02E-04,-2.00E-02,-4.00E-02
-3.01E-04,-2.00E-02,0
-3.01E-04,-2.00E-02,4.00E-02
-3.01E-04,-2.00E-02,0
-3.01E-04,-6.00E-02,0
-3.01E-04,-2.00E-02,-4.00E-02
-3.00E-04,-2.00E-02,4.00E-02
-3.00E-04,0,0
-3.00E-04,-2.00E-02,4.00E-02
-3.00E-04,-2.00E-02,4.00E-02
-3.00E-04,-2.00E-02,4.00E-02
-2.99E-04,-2.00E-02,4.00E-02
-2.99E-04,-2.00E-02,-4.00E-02
-2.99E-04,-2.00E-02,-4.00E-02
-2.99E-04,-4.00E-02,0
-2.99E-04,2.00E-02,4.00E-02
-2.98E-04,-2.00E-02,4.00E-02
-2.98E-04,-4.00E-02,0
-2.98E-04,-4.00E-02,4.00E-02
-2.98E-04,-2.00E-02,4.00E-02
-2.98E-04,-2.00E-02,4.00E-02
-2.97E-04,-2.00E-02,0
-2.97E-04,-2.00E-02,0
-2.97E-04,-4.00E-02,4.00E-02
-2.97E-04,0,0
-2.97E-04,-4.00E-02,4.00E-02
-2.96E-04,0,4.00E-02
-2.96E-04,-2.00E-02,4.00E-02
-2.96E-04,-2.00E-02,8.00E-02
-2.96E-04,-2.00E-02,4.00E-02
-2.96E-04,-2.00E-02,0
-2.95E-04,0,8.00E-02
-2.95E-04,-2.00E-02,8.00E-02
-2.95E-04,-2.00E-02,4.00E-02
-2.95E-04,-2.00E-02,0
-2.95E-04,-2.00E-02,4.00E-02
-2.94E-04,-2.00E-02,4.00E-02
-2.94E-04,-6.00E-02,4.00E-02
-2.94E-04,0,8.00E-02
-2.94E-04,-2.00E-02,4.00E-02
-2.94E-04,-4.00E-02,4.00E-02
-2.93E-04,-4.00E-02,4.00E-02
-2.93E-04,-2.00E-02,4.00E-02
-2.93E-04,-4.00E-02,8.00E-02
-2.93E-04,-4.00E-02,4.00E-02
-2.93E-04,-2.00E-02,4.00E-02
-2.92E-04,0,4.00E-02
-2.92E-04,-2.00E-02,8.00E-02
-2.92E-04,-2.00E-02,8.00E-02
-2.92E-04,-2.00E-02,8.00E-02
-2.92E-04,-4.00E-02,1.20E-01
-2.91E-04,0,8.00E-02
-2.91E-04,-2.00E-02,8.00E-02
-2.91E-04,-4.00E-02,4.00E-02
-2.91E-04,0,1.20E-01
-2.91E-04,-2.00E-02,4.00E-02
-2.90E-04,-2.00E-02,8.00E-02
-2.90E-04,-4.00E-02,8.00E-02
-2.90E-04,-2.00E-02,1.20E-01
-2.90E-04,-4.00E-02,8.00E-02
-2.90E-04,-4.00E-02,8.00E-02
-2.89E-04,-6.00E-02,8.00E-02
-2.89E-04,-2.00E-02,1.20E-01
-2.89E-04,-4.00E-02,8.00E-02
-2.89E-04,-4.00E-02,8.00E-02
-2.89E-04,-2.00E-02,1.20E-01
-2.88E-04,-4.00E-02,4.00E-02
-2.88E-04,-2.00E-02,1.20E-01
-2.88E-04,0,8.00E-02
-2.88E-04,0,8.00E-02
-2.88E-04,-2.00E-02,4.00E-02
-2.87E-04,-2.00E-02,8.00E-02
-2.87E-04,-2.00E-02,4.00E-02
-2.87E-04,-2.00E-02,8.00E-02
-2.87E-04,-2.00E-02,8.00E-02
-2.87E-04,-2.00E-02,4.00E-02
-2.86E-04,-4.00E-02,8.00E-02
-2.86E-04,0,1.20E-01
-2.86E-04,-2.00E-02,1.20E-01
-2.86E-04,-2.00E-02,8.00E-02
-2.86E-04,-2.00E-02,8.00E-02
-2.85E-04,-4.00E-02,0
-2.85E-04,-2.00E-02,4.00E-02
-2.85E-04,-2.00E-02,4.00E-02
-2.85E-04,-2.00E-02,8.00E-02
-2.85E-04,-4.00E-02,4.00E-02
-2.84E-04,-4.00E-02,4.00E-02
-2.84E-04,-2.00E-02,4.00E-02
-2.84E-04,-6.00E-02,0
-2.84E-04,-4.00E-02,4.00E-02
-2.84E-04,0,4.00E-02
-2.83E-04,-2.00E-02,4.00E-02
-2.83E-04,-4.00E-02,4.00E-02
-2.83E-04,-2.00E-02,4.00E-02
-2.83E-04,-2.00E-02,4.00E-02
-2.83E-04,-2.00E-02,4.00E-02
-2.82E-04,-2.00E-02,4.00E-02
-2.82E-04,-2.00E-02,0
-2.82E-04,-2.00E-02,8.00E-02
-2.82E-04,-4.00E-02,4.00E-02
-2.82E-04,-2.00E-02,0
-2.81E-04,-2.00E-02,4.00E-02
-2.81E-04,-2.00E-02,0
-2.81E-04,-2.00E-02,4.00E-02
-2.81E-04,-2.00E-02,0
-2.81E-04,-2.00E-02,0
-2.80E-04,-4.00E-02,0
-2.80E-04,-2.00E-02,4.00E-02
-2.80E-04,-4.00E-02,0
-2.80E-04,-2.00E-02,-4.00E-02
-2.80E-04,0,0
-2.79E-04,0,0
-2.79E-04,-4.00E-02,0
-2.79E-04,-2.00E-02,4.00E-02
-2.79E-04,0,4.00E-02
-2.79E-04,-2.00E-02,0
-2.78E-04,-2.00E-02,-4.00E-02
-2.78E-04,-2.00E-02,-4.00E-02
-2.78E-04,0,-4.00E-02
-2.78E-04,-2.00E-02,0
-2.78E-04,-2.00E-02,0
-2.77E-04,-4.00E-02,-4.00E-02
-2.77E-04,-2.00E-02,4.00E-02
-2.77E-04,-2.00E-02,-4.00E-02
-2.77E-04,-2.00E-02,0
-2.77E-04,-2.00E-02,0
-2.76E-04,-2.00E-02,0
-2.76E-04,-4.00E-02,8.00E-02
-2.76E-04,-2.00E-02,0
-2.76E-04,0,1.6799999
-2.76E-04,-4.00E-02,3.39999986
-2.75E-04,0,2.83999991
-2.75E-04,-2.00E-02,2.96000004
-2.75E-04,-2.00E-02,2.91999984
-2.75E-04,-4.00E-02,2.91999984
-2.75E-04,-2.00E-02,2.91999984
-2.74E-04,-4.00E-02,2.91999984
-2.74E-04,-4.00E-02,2.91999984
-2.74E-04,-4.00E-02,2.91999984
-2.74E-04,-8.00E-02,3
-2.74E-04,-4.00E-02,2.91999984
-2.73E-04,-4.00E-02,2.91999984
-2.73E-04,-2.00E-02,2.96000004
-2.73E-04,-4.00E-02,2.91999984
-2.73E-04,-2.00E-02,2.96000004
-2.73E-04,-2.00E-02,2.91999984
-2.72E-04,0,2.96000004
-2.72E-04,-4.00E-02,2.96000004
-2.72E-04,-2.00E-02,2.96000004
-2.72E-04,-2.00E-02,2.96000004
-2.72E-04,-2.00E-02,2.96000004
-2.71E-04,-2.00E-02,2.91999984
-2.71E-04,-2.00E-02,3
-2.71E-04,0,2.91999984
-2.71E-04,-2.00E-02,2.96000004
-2.71E-04,-2.00E-02,3
-2.70E-04,-2.00E-02,2.91999984
-2.70E-04,-2.00E-02,2.91999984
-2.70E-04,-2.00E-02,3
-2.70E-04,-2.00E-02,2.96000004
-2.70E-04,-6.00E-02,2.96000004
-2.69E-04,-4.00E-02,2.91999984
-2.69E-04,-4.00E-02,2.91999984
-2.69E-04,-4.00E-02,2.87999988
-2.69E-04,-2.00E-02,3
-2.69E-04,-6.00E-02,2.96000004
-2.68E-04,-2.00E-02,2.91999984
-2.68E-04,-2.00E-02,2.96000004
-2.68E-04,0,2.91999984
-2.68E-04,-2.00E-02,2.91999984
-2.68E-04,-2.00E-02,2.96000004
-2.67E-04,-2.00E-02,2.91999984
-2.67E-04,-2.00E-02,3
-2.67E-04,-4.00E-02,2.91999984
-2.67E-04,-2.00E-02,3
-2.67E-04,-2.00E-02,2.96000004
-2.66E-04,-2.00E-02,2.91999984
-2.66E-04,0,3
-2.66E-04,-2.00E-02,2.96000004
-2.66E-04,-4.00E-02,3
-2.66E-04,-2.00E-02,2.96000004
-2.65E-04,-2.00E-02,2.96000004
-2.65E-04,-2.00E-02,2.96000004
-2.65E-04,-2.00E-02,2.96000004
-2.65E-04,-2.00E-02,2.87999988
-2.65E-04,-2.00E-02,2.91999984
-2.64E-04,-4.00E-02,2.91999984
-2.64E-04,-2.00E-02,2.91999984
-2.64E-04,-2.00E-02,2.96000004
-2.64E-04,-2.00E-02,2.96000004
-2.64E-04,0,3
-2.63E-04,-2.00E-02,2.91999984
-2.63E-04,0,2.96000004
-2.63E-04,0,3
-2.63E-04,0,2.96000004
-2.63E-04,-2.00E-02,2.91999984
-2.62E-04,-6.00E-02,2.96000004
-2.62E-04,0,2.96000004
-2.62E-04,-4.00E-02,2.96000004
-2.62E-04,-2.00E-02,2.91999984
-2.62E-04,-2.00E-02,2.96000004
-2.61E-04,-4.00E-02,2.96000004
-2.61E-04,-4.00E-02,2.96000004
-2.61E-04,-6.00E-02,2.96000004
-2.61E-04,0,3
-2.61E-04,-4.00E-02,2.96000004
-2.60E-04,-2.00E-02,2.96000004
-2.60E-04,-4.00E-02,2.96000004
-2.60E-04,-2.00E-02,2.96000004
-2.60E-04,-4.00E-02,2.91999984
-2.60E-04,-2.00E-02,2.91999984
-2.59E-04,-2.00E-02,2.91999984
-2.59E-04,-6.00E-02,2.91999984
-2.59E-04,0,2.96000004
-2.59E-04,-2.00E-02,3
-2.59E-04,0,2.96000004
-2.58E-04,-2.00E-02,2.91999984
-2.58E-04,-4.00E-02,2.96000004
-2.58E-04,-2.00E-02,2.91999984
-2.58E-04,-4.00E-02,2.96000004
-2.58E-04,0,2.91999984
-2.57E-04,-4.00E-02,2.96000004
-2.57E-04,-2.00E-02,2.96000004
-2.57E-04,-2.00E-02,2.91999984
-2.57E-04,-2.00E-02,2.87999988
-2.57E-04,-2.00E-02,2.91999984
-2.56E-04,-6.00E-02,3
-2.56E-04,-6.00E-02,2.96000004
-2.56E-04,0,2.96000004
-2.56E-04,-4.00E-02,2.96000004
-2.56E-04,-2.00E-02,3
-2.55E-04,-2.00E-02,2.96000004
-2.55E-04,-2.00E-02,2.96000004
-2.55E-04,-4.00E-02,3
-2.55E-04,-2.00E-02,2.96000004
-2.55E-04,-2.00E-02,2.96000004
-2.54E-04,0,2.96000004
-2.54E-04,-2.00E-02,2.96000004
-2.54E-04,-4.00E-02,3
-2.54E-04,-4.00E-02,3
-2.54E-04,-4.00E-02,2.96000004
-2.53E-04,0,3
-2.53E-04,-4.00E-02,2.96000004
-2.53E-04,-4.00E-02,3
-2.53E-04,0,3
-2.53E-04,0,3
-2.52E-04,-2.00E-02,2.91999984
-2.52E-04,-2.00E-02,3
-2.52E-04,-2.00E-02,2.96000004
-2.52E-04,-2.00E-02,2.96000004
-2.52E-04,-2.00E-02,2.91999984
-2.51E-04,-2.00E-02,3
-2.51E-04,-2.00E-02,2.91999984
-2.51E-04,0,2.96000004
-2.51E-04,-4.00E-02,2.96000004
-2.51E-04,-4.00E-02,2.96000004
-2.50E-04,-6.00E-02,3
-2.50E-04,-2.00E-02,3.03999996
-2.50E-04,0,2.91999984
-2.50E-04,-4.00E-02,3
-2.50E-04,-2.00E-02,2.96000004
-2.49E-04,-2.00E-02,2.96000004
-2.49E-04,-4.00E-02,2.91999984
-2.49E-04,-4.00E-02,3.03999996
-2.49E-04,-4.00E-02,3
-2.49E-04,-2.00E-02,3
-2.48E-04,0,2.91999984
-2.48E-04,0,3
-2.48E-04,-4.00E-02,2.91999984
-2.48E-04,-2.00E-02,2.96000004
-2.48E-04,-2.00E-02,2.96000004
-2.47E-04,-2.00E-02,3
-2.47E-04,-4.00E-02,2.96000004
-2.47E-04,-2.00E-02,2.96000004
-2.47E-04,0,2.91999984
-2.47E-04,-2.00E-02,2.96000004
-2.46E-04,-4.00E-02,2.96000004
-2.46E-04,-4.00E-02,3
-2.46E-04,-2.00E-02,2.96000004
-2.46E-04,-2.00E-02,2.96000004
-2.46E-04,-4.00E-02,2.96000004
-2.45E-04,-2.00E-02,2.91999984
-2.45E-04,-2.00E-02,2.96000004
-2.45E-04,-2.00E-02,2.96000004
-2.45E-04,-2.00E-02,3
-2.45E-04,-2.00E-02,2.96000004
-2.44E-04,-4.00E-02,2.91999984
-2.44E-04,0,3
-2.44E-04,-2.00E-02,2.96000004
-2.44E-04,-2.00E-02,2.96000004
-2.44E-04,-2.00E-02,2.91999984
-2.43E-04,-2.00E-02,2.96000004
-2.43E-04,-2.00E-02,2.96000004
-2.43E-04,-2.00E-02,2.96000004
-2.43E-04,-4.00E-02,2.91999984
-2.43E-04,-2.00E-02,2.91999984
-2.42E-04,0,2.91999984
-2.42E-04,-2.00E-02,3
-2.42E-04,0,2.96000004
-2.42E-04,-4.00E-02,2.91999984
-2.42E-04,-2.00E-02,3
-2.41E-04,-2.00E-02,2.96000004
-2.41E-04,-2.00E-02,3
-2.41E-04,-2.00E-02,2.96000004
-2.41E-04,-4.00E-02,2.96000004
-2.41E-04,0,3
-2.40E-04,-4.00E-02,3
-2.40E-04,-2.00E-02,2.91999984
-2.40E-04,-2.00E-02,2.96000004
-2.40E-04,-2.00E-02,2.91999984
-2.40E-04,0,2.96000004
-2.39E-04,-4.00E-02,2.96000004
-2.39E-04,-2.00E-02,3
-2.39E-04,-2.00E-02,3
-2.39E-04,-4.00E-02,3
-2.39E-04,-4.00E-02,2.96000004
-2.38E-04,-2.00E-02,2.96000004
-2.38E-04,-2.00E-02,2.96000004
-2.38E-04,-6.00E-02,2.96000004
-2.38E-04,-2.00E-02,2.96000004
-2.38E-04,-2.00E-02,2.91999984
-2.37E-04,0,2.91999984
-2.37E-04,-2.00E-02,2.96000004
-2.37E-04,-4.00E-02,2.96000004
-2.37E-04,0,3
-2.37E-04,-2.00E-02,2.91999984
-2.36E-04,-4.00E-02,2.96000004
-2.36E-04,-2.00E-02,2.96000004
-2.36E-04,-2.00E-02,3
-2.36E-04,0,3.03999996
-2.36E-04,-4.00E-02,2.96000004
-2.35E-04,0,2.91999984
-2.35E-04,-4.00E-02,3
-2.35E-04,-6.00E-02,2.91999984
-2.35E-04,-2.00E-02,2.91999984
-2.35E-04,0,2.91999984
-2.34E-04,-2.00E-02,3
-2.34E-04,-4.00E-02,2.96000004
-2.34E-04,-2.00E-02,2.96000004
-2.34E-04,-2.00E-02,3
-2.34E-04,-2.00E-02,2.96000004
-2.33E-04,-2.00E-02,2.96000004
-2.33E-04,-2.00E-02,2.91999984
-2.33E-04,-2.00E-02,2.91999984
-2.33E-04,0,3
-2.33E-04,-4.00E-02,2.91999984
-2.32E-04,-4.00E-02,3
-2.32E-04,0,2.96000004
-2.32E-04,-2.00E-02,3
-2.32E-04,0,2.96000004
-2.32E-04,-4.00E-02,2.96000004
-2.31E-04,-4.00E-02,2.96000004
-2.31E-04,-2.00E-02,2.96000004
-2.31E-04,-4.00E-02,2.96000004
-2.31E-04,-4.00E-02,2.96000004
-2.31E-04,-2.00E-02,2.91999984
-2.30E-04,-2.00E-02,3
-2.30E-04,-2.00E-02,2.91999984
-2.30E-04,-2.00E-02,2.96000004
-2.30E-04,-2.00E-02,2.96000004
-2.30E-04,-2.00E-02,2.91999984
-2.29E-04,-6.00E-02,2.96000004
-2.29E-04,0,3
-2.29E-04,-6.00E-02,2.91999984
-2.29E-04,0,2.96000004
-2.29E-04,-4.00E-02,3
-2.28E-04,-2.00E-02,2.91999984
-2.28E-04,-2.00E-02,2.91999984
-2.28E-04,-2.00E-02,2.96000004
-2.28E-04,-4.00E-02,2.91999984
-2.28E-04,-4.00E-02,2.91999984
-2.27E-04,-4.00E-02,3
-2.27E-04,-4.00E-02,2.96000004
-2.27E-04,0,3
-2.27E-04,-2.00E-02,2.96000004
-2.27E-04,-2.00E-02,2.96000004
-2.26E-04,-2.00E-02,2.96000004
-2.26E-04,-2.00E-02,3
-2.26E-04,-2.00E-02,3
-2.26E-04,-2.00E-02,2.96000004
-2.26E-04,-4.00E-02,2.96000004
-2.25E-04,-2.00E-02,2.91999984
-2.25E-04,-2.00E-02,3
-2.25E-04,-2.00E-02,2.91999984
-2.25E-04,-2.00E-02,2.91999984
-2.25E-04,-4.00E-02,2.96000004
-2.24E-04,-4.00E-02,2.96000004
-2.24E-04,-4.00E-02,3
-2.24E-04,-4.00E-02,2.96000004
-2.24E-04,-4.00E-02,2.91999984
-2.24E-04,-2.00E-02,2.96000004
-2.23E-04,0,2.96000004
-2.23E-04,-2.00E-02,3
-2.23E-04,-4.00E-02,2.96000004
-2.23E-04,-6.00E-02,2.96000004
-2.23E-04,-2.00E-02,3
-2.22E-04,0,3.03999996
-2.22E-04,-2.00E-02,2.96000004
-2.22E-04,-2.00E-02,2.91999984
-2.22E-04,0,3
-2.22E-04,-4.00E-02,2.96000004
-2.21E-04,-4.00E-02,2.96000004
-2.21E-04,-2.00E-02,2.96000004
-2.21E-04,-4.00E-02,2.96000004
-2.21E-04,-2.00E-02,3
-2.21E-04,-4.00E-02,2.91999984
-2.20E-04,-2.00E-02,2.91999984
-2.20E-04,-2.00E-02,2.96000004
-2.20E-04,-2.00E-02,2.91999984
-2.20E-04,-2.00E-02,2.96000004
-2.20E-04,-4.00E-02,2.91999984
-2.19E-04,-2.00E-02,2.91999984
-2.19E-04,-4.00E-02,3.03999996
-2.19E-04,-4.00E-02,2.91999984
-2.19E-04,-4.00E-02,2.96000004
-2.19E-04,-2.00E-02,2.91999984
-2.18E-04,-4.00E-02,2.91999984
-2.18E-04,-4.00E-02,2.96000004
-2.18E-04,-4.00E-02,2.96000004
-2.18E-04,-4.00E-02,2.96000004
-2.18E-04,-2.00E-02,2.96000004
-2.17E-04,-2.00E-02,2.96000004
-2.17E-04,-2.00E-02,2.96000004
-2.17E-04,-2.00E-02,2.96000004
-2.17E-04,-4.00E-02,2.96000004
-2.17E-04,-4.00E-02,3
-2.16E-04,0,2.96000004
-2.16E-04,-2.00E-02,2.96000004
-2.16E-04,0,2.96000004
-2.16E-04,-2.00E-02,2.96000004
-2.16E-04,0,2.96000004
-2.15E-04,-2.00E-02,2.96000004
-2.15E-04,-4.00E-02,2.96000004
-2.15E-04,-2.00E-02,2.96000004
-2.15E-04,0,2.91999984
-2.15E-04,-4.00E-02,2.96000004
-2.14E-04,-4.00E-02,3
-2.14E-04,-2.00E-02,3
-2.14E-04,-4.00E-02,3
-2.14E-04,-2.00E-02,3
-2.14E-04,-2.00E-02,2.96000004
-2.13E-04,-4.00E-02,2.96000004
-2.13E-04,-4.00E-02,2.96000004
-2.13E-04,-2.00E-02,2.96000004
-2.13E-04,-4.00E-02,2.96000004
-2.13E-04,-2.00E-02,2.96000004
-2.12E-04,-4.00E-02,2.96000004
-2.12E-04,-2.00E-02,2.96000004
-2.12E-04,-2.00E-02,2.91999984
-2.12E-04,-2.00E-02,2.96000004
-2.12E-04,-2.00E-02,2.96000004
-2.11E-04,-2.00E-02,2.96000004
-2.11E-04,-4.00E-02,2.96000004
-2.11E-04,-2.00E-02,2.96000004
-2.11E-04,-2.00E-02,2.96000004
-2.11E-04,-2.00E-02,3
-2.10E-04,0,2.91999984
-2.10E-04,-4.00E-02,2.96000004
-2.10E-04,-4.00E-02,2.96000004
-2.10E-04,-4.00E-02,2.96000004
-2.10E-04,-2.00E-02,2.96000004
-2.09E-04,-4.00E-02,2.96000004
-2.09E-04,-6.00E-02,3
-2.09E-04,-4.00E-02,2.91999984
-2.09E-04,-2.00E-02,2.96000004
-2.09E-04,-2.00E-02,3
-2.08E-04,-2.00E-02,2.96000004
-2.08E-04,-2.00E-02,2.96000004
-2.08E-04,0,2.96000004
-2.08E-04,-4.00E-02,2.96000004
-2.08E-04,-4.00E-02,3
-2.07E-04,-4.00E-02,2.96000004
-2.07E-04,-2.00E-02,3
-2.07E-04,-2.00E-02,3
-2.07E-04,-2.00E-02,2.96000004
-2.07E-04,0,3
-2.06E-04,-2.00E-02,2.96000004
-2.06E-04,-2.00E-02,3
-2.06E-04,-2.00E-02,2.96000004
-2.06E-04,-4.00E-02,2.96000004
-2.06E-04,-2.00E-02,2.96000004
-2.05E-04,0,2.96000004
-2.05E-04,-2.00E-02,2.87999988
-2.05E-04,-2.00E-02,3
-2.05E-04,-4.00E-02,3
-2.05E-04,-2.00E-02,3
-2.04E-04,-2.00E-02,2.96000004
-2.04E-04,-2.00E-02,2.96000004
-2.04E-04,-2.00E-02,3
-2.04E-04,-4.00E-02,2.96000004
-2.04E-04,-2.00E-02,3
-2.03E-04,0,3
-2.03E-04,-2.00E-02,2.96000004
-2.03E-04,-4.00E-02,2.96000004
-2.03E-04,-4.00E-02,3.03999996
-2.03E-04,-4.00E-02,3
-2.02E-04,-2.00E-02,2.96000004
-2.02E-04,-2.00E-02,2.96000004
-2.02E-04,-2.00E-02,2.96000004
-2.02E-04,-6.00E-02,3
-2.02E-04,-2.00E-02,3
-2.01E-04,-2.00E-02,2.91999984
-2.01E-04,-4.00E-02,3
-2.01E-04,0,3
-2.01E-04,-4.00E-02,2.91999984
-2.01E-04,-2.00E-02,3.03999996
-2.00E-04,-2.00E-02,3
-2.00E-04,-2.00E-02,2.91999984
-2.00E-04,-2.00E-02,2.96000004
-2.00E-04,-4.00E-02,2.91999984
-2.00E-04,-2.00E-02,2.96000004
-1.99E-04,-4.00E-02,3.03999996
-1.99E-04,-2.00E-02,3
-1.99E-04,-2.00E-02,3
-1.99E-04,-4.00E-02,2.96000004
-1.99E-04,-2.00E-02,2.96000004
-1.98E-04,-4.00E-02,2.96000004
-1.98E-04,-2.00E-02,2.96000004
-1.98E-04,-4.00E-02,2.96000004
-1.98E-04,-4.00E-02,2.96000004
-1.98E-04,-2.00E-02,3
-1.97E-04,-4.00E-02,3
-1.97E-04,-2.00E-02,3
-1.97E-04,-2.00E-02,2.91999984
-1.97E-04,-6.00E-02,3
-1.97E-04,-2.00E-02,2.91999984
-1.96E-04,-2.00E-02,3
-1.96E-04,-2.00E-02,3.03999996
-1.96E-04,-2.00E-02,2.96000004
-1.96E-04,-2.00E-02,2.96000004
-1.96E-04,-2.00E-02,2.96000004
-1.95E-04,-4.00E-02,2.91999984
-1.95E-04,-4.00E-02,3
-1.95E-04,-4.00E-02,2.96000004
-1.95E-04,-2.00E-02,2.91999984
-1.95E-04,-4.00E-02,2.96000004
-1.94E-04,-2.00E-02,3
-1.94E-04,-2.00E-02,2.96000004
-1.94E-04,-2.00E-02,2.96000004
-1.94E-04,-2.00E-02,2.96000004
-1.94E-04,-6.00E-02,2.96000004
-1.93E-04,-2.00E-02,3
-1.93E-04,-2.00E-02,2.96000004
-1.93E-04,-4.00E-02,2.96000004
-1.93E-04,-4.00E-02,2.96000004
-1.93E-04,-4.00E-02,3
-1.92E-04,-2.00E-02,2.96000004
-1.92E-04,-2.00E-02,2.91999984
-1.92E-04,-2.00E-02,2.96000004
-1.92E-04,-4.00E-02,2.96000004
-1.92E-04,-2.00E-02,2.96000004
-1.91E-04,-4.00E-02,2.96000004
-1.91E-04,-2.00E-02,2.96000004
-1.91E-04,-2.00E-02,2.91999984
-1.91E-04,-2.00E-02,3
-1.91E-04,-4.00E-02,2.91999984
-1.90E-04,-4.00E-02,2.96000004
-1.90E-04,-4.00E-02,2.91999984
-1.90E-04,-2.00E-02,2.96000004
-1.90E-04,-2.00E-02,2.91999984
-1.90E-04,-2.00E-02,3
-1.89E-04,-4.00E-02,2.91999984
-1.89E-04,-2.00E-02,2.96000004
-1.89E-04,-2.00E-02,2.96000004
-1.89E-04,-2.00E-02,2.91999984
-1.89E-04,-2.00E-02,2.91999984
-1.88E-04,-4.00E-02,2.96000004
-1.88E-04,0,2.91999984
-1.88E-04,-6.00E-02,3
-1.88E-04,-4.00E-02,3
-1.88E-04,-2.00E-02,2.96000004
-1.87E-04,-2.00E-02,3
-1.87E-04,-4.00E-02,2.96000004
-1.87E-04,-4.00E-02,2.96000004
-1.87E-04,-2.00E-02,3
-1.87E-04,-2.00E-02,3
-1.86E-04,-2.00E-02,2.96000004
-1.86E-04,-2.00E-02,2.96000004
-1.86E-04,-4.00E-02,3
-1.86E-04,-2.00E-02,3
-1.86E-04,-4.00E-02,2.96000004
-1.85E-04,0,2.91999984
-1.85E-04,-2.00E-02,2.96000004
-1.85E-04,-2.00E-02,2.96000004
-1.85E-04,-4.00E-02,2.96000004
-1.85E-04,-2.00E-02,3
-1.84E-04,-4.00E-02,2.96000004
-1.84E-04,-2.00E-02,2.96000004
-1.84E-04,-2.00E-02,2.96000004
-1.84E-04,-4.00E-02,2.96000004
-1.84E-04,-2.00E-02,2.96000004
-1.83E-04,-2.00E-02,2.96000004
-1.83E-04,-4.00E-02,2.96000004
-1.83E-04,-2.00E-02,2.96000004
-1.83E-04,-2.00E-02,3
-1.83E-04,-2.00E-02,2.96000004
-1.82E-04,-4.00E-02,2.96000004
-1.82E-04,-2.00E-02,3
-1.82E-04,-2.00E-02,2.96000004
-1.82E-04,0,3
-1.82E-04,0,2.91999984
-1.81E-04,-6.00E-02,2.96000004
-1.81E-04,-4.00E-02,3
-1.81E-04,-2.00E-02,3
-1.81E-04,-2.00E-02,2.96000004
-1.81E-04,-4.00E-02,3
-1.80E-04,-6.00E-02,2.91999984
-1.80E-04,-2.00E-02,2.91999984
-1.80E-04,-4.00E-02,2.91999984
-1.80E-04,-4.00E-02,2.96000004
-1.80E-04,0,3
-1.79E-04,-2.00E-02,3
-1.79E-04,-2.00E-02,3
-1.79E-04,-2.00E-02,2.96000004
-1.79E-04,-2.00E-02,3
-1.79E-04,-2.00E-02,2.96000004
-1.78E-04,-4.00E-02,2.96000004
-1.78E-04,-2.00E-02,3
-1.78E-04,-2.00E-02,2.91999984
-1.78E-04,-2.00E-02,3
-1.78E-04,-2.00E-02,2.96000004
-1.77E-04,0,2.91999984
-1.77E-04,-4.00E-02,2.91999984
-1.77E-04,-4.00E-02,2.96000004
-1.77E-04,-2.00E-02,2.96000004
-1.77E-04,-2.00E-02,3
-1.76E-04,-2.00E-02,3
-1.76E-04,-2.00E-02,2.96000004
-1.76E-04,0,2.96000004
-1.76E-04,0,2.96000004
-1.76E-04,-4.00E-02,2.96000004
-1.75E-04,-4.00E-02,3
-1.75E-04,-2.00E-02,2.96000004
-1.75E-04,-2.00E-02,2.96000004
-1.75E-04,-4.00E-02,2.96000004
-1.75E-04,-4.00E-02,3
-1.74E-04,-2.00E-02,2.96000004
-1.74E-04,0,2.96000004
-1.74E-04,-4.00E-02,2.96000004
-1.74E-04,-2.00E-02,3
-1.74E-04,-2.00E-02,2.96000004
-1.73E-04,0,3
-1.73E-04,-2.00E-02,2.96000004
-1.73E-04,0,2.96000004
-1.73E-04,-2.00E-02,3
-1.73E-04,-2.00E-02,2.96000004
-1.72E-04,0,2.96000004
-1.72E-04,0,2.96000004
-1.72E-04,-2.00E-02,2.96000004
-1.72E-04,0,2.91999984
-1.72E-04,-6.00E-02,3
-1.71E-04,-2.00E-02,2.96000004
-1.71E-04,-4.00E-02,2.96000004
-1.71E-04,-2.00E-02,2.96000004
-1.71E-04,-2.00E-02,2.91999984
-1.71E-04,-4.00E-02,2.96000004
-1.70E-04,-4.00E-02,2.96000004
-1.70E-04,-2.00E-02,2.96000004
-1.70E-04,-2.00E-02,2.96000004
-1.70E-04,-2.00E-02,3
-1.70E-04,-4.00E-02,2.96000004
-1.69E-04,-2.00E-02,2.96000004
-1.69E-04,0,3
-1.69E-04,-4.00E-02,2.96000004
-1.69E-04,-2.00E-02,2.91999984
-1.69E-04,-2.00E-02,2.91999984
-1.68E-04,0,2.91999984
-1.68E-04,0,2.91999984
-1.68E-04,-4.00E-02,2.96000004
-1.68E-04,-2.00E-02,3
-1.68E-04,0,3
-1.67E-04,0,2.96000004
-1.67E-04,-2.00E-02,3
-1.67E-04,-2.00E-02,2.96000004
-1.67E-04,-6.00E-02,3
-1.67E-04,0,2.96000004
-1.66E-04,-2.00E-02,3
-1.66E-04,-4.00E-02,2.96000004
-1.66E-04,-2.00E-02,2.96000004
-1.66E-04,-2.00E-02,3
-1.66E-04,-2.00E-02,2.96000004
-1.65E-04,-2.00E-02,2.91999984
-1.65E-04,-2.00E-02,2.91999984
-1.65E-04,-2.00E-02,2.91999984
-1.65E-04,-2.00E-02,2.96000004
-1.65E-04,-4.00E-02,2.96000004
-1.64E-04,-2.00E-02,2.96000004
-1.64E-04,-2.00E-02,3
-1.64E-04,-2.00E-02,2.96000004
-1.64E-04,0,3
-1.64E-04,-2.00E-02,3
-1.63E-04,-6.00E-02,2.96000004
-1.63E-04,-2.00E-02,3
-1.63E-04,-4.00E-02,2.96000004
-1.63E-04,-2.00E-02,2.96000004
-1.63E-04,-2.00E-02,2.96000004
-1.62E-04,-2.00E-02,3
-1.62E-04,-4.00E-02,2.96000004
-1.62E-04,-2.00E-02,3
-1.62E-04,-2.00E-02,3
-1.62E-04,-2.00E-02,2.96000004
-1.61E-04,-2.00E-02,2.96000004
-1.61E-04,-4.00E-02,3
-1.61E-04,-2.00E-02,2.96000004
-1.61E-04,-4.00E-02,3
-1.61E-04,-4.00E-02,2.91999984
-1.60E-04,-4.00E-02,2.96000004
-1.60E-04,-4.00E-02,2.96000004
-1.60E-04,-4.00E-02,2.96000004
-1.60E-04,0,2.96000004
-1.60E-04,-4.00E-02,2.96000004
-1.59E-04,-2.00E-02,2.96000004
-1.59E-04,-4.00E-02,2.96000004
-1.59E-04,-2.00E-02,2.96000004
-1.59E-04,-4.00E-02,2.96000004
-1.59E-04,-4.00E-02,2.96000004
-1.58E-04,-4.00E-02,2.91999984
-1.58E-04,2.00E-02,2.96000004
-1.58E-04,-2.00E-02,2.96000004
-1.58E-04,-2.00E-02,2.96000004
-1.58E-04,-2.00E-02,2.96000004
-1.57E-04,-2.00E-02,2.91999984
-1.57E-04,-4.00E-02,2.96000004
-1.57E-04,-2.00E-02,2.96000004
-1.57E-04,-2.00E-02,3
-1.57E-04,-2.00E-02,3.03999996
-1.56E-04,-2.00E-02,2.96000004
-1.56E-04,-2.00E-02,2.96000004
-1.56E-04,-4.00E-02,2.96000004
-1.56E-04,-4.00E-02,2.96000004
-1.56E-04,-2.00E-02,3
-1.55E-04,0,2.91999984
-1.55E-04,-2.00E-02,2.96000004
-1.55E-04,-2.00E-02,3
-1.55E-04,-2.00E-02,3
-1.55E-04,-2.00E-02,2.96000004
-1.54E-04,-2.00E-02,3
-1.54E-04,-4.00E-02,2.96000004
-1.54E-04,-4.00E-02,2.91999984
-1.54E-04,-2.00E-02,2.96000004
-1.54E-04,-2.00E-02,3
-1.53E-04,-4.00E-02,2.96000004
-1.53E-04,-2.00E-02,3
-1.53E-04,0,3
-1.53E-04,-2.00E-02,3
-1.53E-04,0,2.96000004
-1.52E-04,0,3
-1.52E-04,-2.00E-02,2.91999984
-1.52E-04,2.00E-02,3
-1.52E-04,-4.00E-02,2.96000004
-1.52E-04,-2.00E-02,3.03999996
-1.51E-04,0,2.91999984
-1.51E-04,0,3
-1.51E-04,-2.00E-02,3
-1.51E-04,-6.00E-02,2.96000004
-1.51E-04,-4.00E-02,2.91999984
-1.50E-04,-2.00E-02,2.96000004
-1.50E-04,-4.00E-02,2.96000004
-1.50E-04,-2.00E-02,2.96000004
-1.50E-04,-4.00E-02,2.96000004
-1.50E-04,-4.00E-02,2.91999984
-1.49E-04,-2.00E-02,2.96000004
-1.49E-04,-2.00E-02,2.96000004
-1.49E-04,-2.00E-02,2.91999984
-1.49E-04,-4.00E-02,3
-1.49E-04,-2.00E-02,3
-1.48E-04,-2.00E-02,2.96000004
-1.48E-04,0,3
-1.48E-04,-4.00E-02,2.96000004
-1.48E-04,-2.00E-02,3
-1.48E-04,-2.00E-02,2.91999984
-1.47E-04,-2.00E-02,3
-1.47E-04,-2.00E-02,3
-1.47E-04,-4.00E-02,3
-1.47E-04,-2.00E-02,2.91999984
-1.47E-04,-2.00E-02,2.96000004
-1.46E-04,-2.00E-02,2.96000004
-1.46E-04,-2.00E-02,3
-1.46E-04,-4.00E-02,2.91999984
-1.46E-04,-2.00E-02,3
-1.46E-04,-4.00E-02,3
-1.45E-04,-2.00E-02,2.91999984
-1.45E-04,0,2.96000004
-1.45E-04,0,3
-1.45E-04,-4.00E-02,2.91999984
-1.45E-04,-2.00E-02,2.96000004
-1.44E-04,-2.00E-02,2.96000004
-1.44E-04,-2.00E-02,2.96000004
-1.44E-04,-2.00E-02,3
-1.44E-04,-2.00E-02,3
-1.44E-04,-2.00E-02,2.96000004
-1.43E-04,-2.00E-02,2.96000004
-1.43E-04,-2.00E-02,3
-1.43E-04,-6.00E-02,2.96000004
-1.43E-04,-4.00E-02,2.96000004
-1.43E-04,0,2.96000004
-1.42E-04,-2.00E-02,3
-1.42E-04,0,3
-1.42E-04,-2.00E-02,3
-1.42E-04,-4.00E-02,2.96000004
-1.42E-04,-2.00E-02,3
-1.41E-04,-2.00E-02,3
-1.41E-04,-2.00E-02,2.96000004
-1.41E-04,-2.00E-02,2.96000004
-1.41E-04,-4.00E-02,2.91999984
-1.41E-04,-2.00E-02,2.91999984
-1.40E-04,-6.00E-02,2.91999984
-1.40E-04,-4.00E-02,3
-1.40E-04,-4.00E-02,3.03999996
-1.40E-04,-4.00E-02,3
-1.40E-04,-4.00E-02,2.96000004
-1.39E-04,-2.00E-02,2.96000004
-1.39E-04,0,2.96000004
-1.39E-04,-4.00E-02,2.96000004
-1.39E-04,-4.00E-02,2.96000004
-1.39E-04,-2.00E-02,2.96000004
-1.38E-04,-4.00E-02,3
-1.38E-04,-2.00E-02,2.96000004
-1.38E-04,-4.00E-02,2.96000004
-1.38E-04,-4.00E-02,3
-1.38E-04,-6.00E-02,2.96000004
-1.37E-04,-2.00E-02,2.91999984
-1.37E-04,-2.00E-02,3
-1.37E-04,0,3
-1.37E-04,0,3
-1.37E-04,-2.00E-02,2.96000004
-1.36E-04,-2.00E-02,2.96000004
-1.36E-04,-2.00E-02,2.96000004
-1.36E-04,-2.00E-02,2.91999984
-1.36E-04,-4.00E-02,2.96000004
-1.36E-04,-2.00E-02,2.91999984
-1.35E-04,-2.00E-02,2.91999984
-1.35E-04,-4.00E-02,3
-1.35E-04,-4.00E-02,2.96000004
-1.35E-04,-2.00E-02,2.96000004
-1.35E-04,-2.00E-02,2.96000004
-1.34E-04,-4.00E-02,2.96000004
-1.34E-04,-4.00E-02,2.96000004
-1.34E-04,-2.00E-02,2.96000004
-1.34E-04,0,2.96000004
-1.34E-04,-6.00E-02,2.91999984
-1.33E-04,-2.00E-02,2.96000004
-1.33E-04,0,3
-1.33E-04,-4.00E-02,2.96000004
-1.33E-04,-4.00E-02,2.91999984
-1.33E-04,-4.00E-02,3
-1.32E-04,0,2.96000004
-1.32E-04,-2.00E-02,2.96000004
-1.32E-04,-6.00E-02,2.91999984
-1.32E-04,-2.00E-02,2.96000004
-1.32E-04,-2.00E-02,2.96000004
-1.31E-04,-2.00E-02,2.91999984
-1.31E-04,-2.00E-02,2.96000004
-1.31E-04,-4.00E-02,2.96000004
-1.31E-04,0,2.91999984
-1.31E-04,-2.00E-02,2.91999984
-1.30E-04,-6.00E-02,2.96000004
-1.30E-04,-2.00E-02,3
-1.30E-04,-6.00E-02,2.96000004
-1.30E-04,-2.00E-02,2.96000004
-1.30E-04,-2.00E-02,3
-1.29E-04,-4.00E-02,2.96000004
-1.29E-04,0,2.96000004
-1.29E-04,-2.00E-02,2.96000004
-1.29E-04,0,2.96000004
-1.29E-04,-4.00E-02,2.96000004
-1.28E-04,-2.00E-02,2.96000004
-1.28E-04,-2.00E-02,2.96000004
-1.28E-04,-2.00E-02,2.96000004
-1.28E-04,-2.00E-02,2.96000004
-1.28E-04,0,3
-1.27E-04,-2.00E-02,2.96000004
-1.27E-04,-2.00E-02,2.96000004
-1.27E-04,-2.00E-02,2.96000004
-1.27E-04,0,2.96000004
-1.27E-04,0,3
-1.26E-04,-2.00E-02,2.96000004
-1.26E-04,-2.00E-02,2.96000004
-1.26E-04,-4.00E-02,2.91999984
-1.26E-04,-4.00E-02,2.91999984
-1.26E-04,-2.00E-02,2.91999984
-1.25E-04,-2.00E-02,3
-1.25E-04,-2.00E-02,2.96000004
-1.25E-04,-2.00E-02,3
-1.25E-04,-4.00E-02,3
-1.25E-04,0,2.96000004
-1.24E-04,-4.00E-02,3
-1.24E-04,-2.00E-02,2.96000004
-1.24E-04,-2.00E-02,2.91999984
-1.24E-04,-4.00E-02,2.96000004
-1.24E-04,-2.00E-02,2.96000004
-1.23E-04,-2.00E-02,2.96000004
-1.23E-04,0,2.96000004
-1.23E-04,-6.00E-02,3
-1.23E-04,-4.00E-02,2.96000004
-1.23E-04,-4.00E-02,2.96000004
-1.22E-04,-2.00E-02,2.96000004
-1.22E-04,-2.00E-02,2.96000004
-1.22E-04,-4.00E-02,3
-1.22E-04,-2.00E-02,2.96000004
-1.22E-04,-4.00E-02,2.96000004
-1.21E-04,-2.00E-02,3
-1.21E-04,-4.00E-02,2.96000004
-1.21E-04,-2.00E-02,2.96000004
-1.21E-04,0,2.91999984
-1.21E-04,-4.00E-02,3
-1.20E-04,-2.00E-02,3.03999996
-1.20E-04,-4.00E-02,3
-1.20E-04,-2.00E-02,2.96000004
-1.20E-04,-2.00E-02,3
-1.20E-04,-2.00E-02,3
-1.19E-04,-2.00E-02,2.96000004
-1.19E-04,-2.00E-02,3
-1.19E-04,-2.00E-02,2.96000004
-1.19E-04,-2.00E-02,2.91999984
-1.19E-04,-2.00E-02,2.96000004
-1.18E-04,-2.00E-02,3
-1.18E-04,-2.00E-02,2.91999984
-1.18E-04,0,2.96000004
-1.18E-04,-2.00E-02,2.96000004
-1.18E-04,-2.00E-02,3
-1.17E-04,-2.00E-02,3
-1.17E-04,-2.00E-02,3
-1.17E-04,-2.00E-02,3
-1.17E-04,-2.00E-02,2.96000004
-1.17E-04,-4.00E-02,2.96000004
-1.16E-04,-2.00E-02,2.91999984
-1.16E-04,-4.00E-02,2.91999984
-1.16E-04,-4.00E-02,2.96000004
-1.16E-04,-4.00E-02,2.91999984
-1.16E-04,0,2.91999984
-1.15E-04,-6.00E-02,3
-1.15E-04,-4.00E-02,2.96000004
-1.15E-04,-2.00E-02,3
-1.15E-04,-2.00E-02,3
-1.15E-04,-2.00E-02,2.96000004
-1.14E-04,-4.00E-02,2.96000004
-1.14E-04,-2.00E-02,3
-1.14E-04,-2.00E-02,2.96000004
-1.14E-04,-6.00E-02,2.96000004
-1.14E-04,-2.00E-02,2.96000004
-1.13E-04,-2.00E-02,3
-1.13E-04,-2.00E-02,2.96000004
-1.13E-04,-2.00E-02,2.91999984
-1.13E-04,-4.00E-02,3
-1.13E-04,-2.00E-02,3
-1.12E-04,-2.00E-02,2.96000004
-1.12E-04,-4.00E-02,3
-1.12E-04,-2.00E-02,3
-1.12E-04,-2.00E-02,2.96000004
-1.12E-04,-2.00E-02,3
-1.11E-04,-2.00E-02,2.96000004
-1.11E-04,-4.00E-02,2.91999984
-1.11E-04,-4.00E-02,2.91999984
-1.11E-04,-2.00E-02,2.96000004
-1.11E-04,-6.00E-02,2.91999984
-1.10E-04,-2.00E-02,3
-1.10E-04,-6.00E-02,2.91999984
-1.10E-04,-2.00E-02,2.96000004
-1.10E-04,-2.00E-02,3
-1.10E-04,-4.00E-02,2.96000004
-1.09E-04,-2.00E-02,2.96000004
-1.09E-04,-2.00E-02,2.91999984
-1.09E-04,0,2.96000004
-1.09E-04,-4.00E-02,3
-1.09E-04,-4.00E-02,3
-1.08E-04,-2.00E-02,2.96000004
-1.08E-04,-2.00E-02,2.96000004
-1.08E-04,-4.00E-02,3
-1.08E-04,-2.00E-02,3
-1.08E-04,0,3
-1.07E-04,-4.00E-02,2.96000004
-1.07E-04,-2.00E-02,2.96000004
-1.07E-04,-2.00E-02,3
-1.07E-04,-4.00E-02,2.96000004
-1.07E-04,0,3
-1.06E-04,-2.00E-02,2.96000004
-1.06E-04,0,2.96000004
-1.06E-04,-2.00E-02,2.96000004
-1.06E-04,-2.00E-02,2.96000004
-1.06E-04,-2.00E-02,2.96000004
-1.05E-04,0,2.96000004
-1.05E-04,-2.00E-02,2.96000004
-1.05E-04,-4.00E-02,2.96000004
-1.05E-04,0,3
-1.05E-04,-2.00E-02,2.96000004
-1.04E-04,-2.00E-02,3
-1.04E-04,-4.00E-02,2.96000004
-1.04E-04,-2.00E-02,2.96000004
-1.04E-04,-2.00E-02,2.96000004
-1.04E-04,-4.00E-02,3
-1.03E-04,-2.00E-02,2.96000004
-1.03E-04,-2.00E-02,3
-1.03E-04,-4.00E-02,2.96000004
-1.03E-04,-6.00E-02,2.91999984
-1.03E-04,0,3
-1.02E-04,-2.00E-02,3
-1.02E-04,-4.00E-02,2.96000004
-1.02E-04,-2.00E-02,2.96000004
-1.02E-04,-4.00E-02,2.96000004
-1.02E-04,-2.00E-02,2.91999984
-1.01E-04,-2.00E-02,2.96000004
-1.01E-04,-2.00E-02,2.91999984
-1.01E-04,-2.00E-02,2.96000004
-1.01E-04,-6.00E-02,2.96000004
-1.01E-04,-2.00E-02,3
-1.00E-04,-4.00E-02,2.96000004
-1.00E-04,-2.00E-02,2.96000004
-1.00E-04,-4.00E-02,2.96000004
-9.98E-05,-4.00E-02,2.96000004
-9.96E-05,0,3
-9.94E-05,-4.00E-02,2.91999984
-9.92E-05,-4.00E-02,2.96000004
-9.90E-05,-2.00E-02,2.96000004
-9.88E-05,0,2.96000004
-9.86E-05,-2.00E-02,2.96000004
-9.84E-05,-4.00E-02,2.91999984
-9.82E-05,-2.00E-02,2.91999984
-9.80E-05,-4.00E-02,2.96000004
-9.78E-05,-6.00E-02,2.96000004
-9.76E-05,-2.00E-02,2.96000004
-9.74E-05,0,2.96000004
-9.72E-05,-2.00E-02,3.03999996
-9.70E-05,-2.00E-02,2.96000004
-9.68E-05,-2.00E-02,2.96000004
-9.66E-05,-4.00E-02,3
-9.64E-05,-4.00E-02,2.91999984
-9.62E-05,-4.00E-02,2.96000004
-9.60E-05,-2.00E-02,2.91999984
-9.58E-05,-2.00E-02,2.96000004
-9.56E-05,-4.00E-02,2.96000004
-9.54E-05,-2.00E-02,3
-9.52E-05,-2.00E-02,2.96000004
-9.50E-05,-2.00E-02,2.91999984
-9.48E-05,-2.00E-02,2.96000004
-9.46E-05,-2.00E-02,2.91999984
-9.44E-05,-2.00E-02,2.96000004
-9.42E-05,-4.00E-02,2.96000004
-9.40E-05,-4.00E-02,2.91999984
-9.38E-05,-2.00E-02,3
-9.36E-05,0,2.96000004
-9.34E-05,0,2.96000004
-9.32E-05,-2.00E-02,2.96000004
-9.30E-05,2.00E-02,3.03999996
-9.28E-05,-2.00E-02,2.96000004
-9.26E-05,-2.00E-02,2.91999984
-9.24E-05,-2.00E-02,3
-9.22E-05,-2.00E-02,2.91999984
-9.20E-05,-4.00E-02,2.91999984
-9.18E-05,-2.00E-02,3
-9.16E-05,0,2.96000004
-9.14E-05,-2.00E-02,2.96000004
-9.12E-05,-2.00E-02,2.96000004
-9.10E-05,-2.00E-02,3
-9.08E-05,-6.00E-02,2.96000004
-9.06E-05,-4.00E-02,2.96000004
-9.04E-05,-4.00E-02,2.91999984
-9.02E-05,-2.00E-02,2.96000004
-9.00E-05,-2.00E-02,2.96000004
-8.98E-05,2.00E-02,2.96000004
-8.96E-05,-2.00E-02,2.91999984
-8.94E-05,-2.00E-02,2.96000004
-8.92E-05,-4.00E-02,2.96000004
-8.90E-05,-2.00E-02,3
-8.88E-05,-4.00E-02,2.96000004
-8.86E-05,-4.00E-02,3
-8.84E-05,-4.00E-02,3
-8.82E-05,-2.00E-02,2.96000004
-8.80E-05,-2.00E-02,3
-8.78E-05,-2.00E-02,2.96000004
-8.76E-05,-2.00E-02,3
-8.74E-05,-2.00E-02,2.96000004
-8.72E-05,-2.00E-02,3
-8.70E-05,-2.00E-02,3.03999996
-8.68E-05,-2.00E-02,2.96000004
-8.66E-05,-2.00E-02,2.96000004
-8.64E-05,-2.00E-02,2.96000004
-8.62E-05,-2.00E-02,2.91999984
-8.60E-05,-2.00E-02,2.91999984
-8.58E-05,0,3
-8.56E-05,-2.00E-02,2.96000004
-8.54E-05,-2.00E-02,2.96000004
-8.52E-05,-2.00E-02,2.96000004
-8.50E-05,-2.00E-02,3
-8.48E-05,-2.00E-02,2.96000004
-8.46E-05,-4.00E-02,3
-8.44E-05,-6.00E-02,2.96000004
-8.42E-05,-4.00E-02,2.96000004
-8.40E-05,-2.00E-02,3
-8.38E-05,-2.00E-02,2.96000004
-8.36E-05,0,3
-8.34E-05,-4.00E-02,3
-8.32E-05,-2.00E-02,2.96000004
-8.30E-05,-4.00E-02,2.96000004
-8.28E-05,-2.00E-02,3
-8.26E-05,-2.00E-02,3
-8.24E-05,-6.00E-02,2.96000004
-8.22E-05,-4.00E-02,2.96000004
-8.20E-05,-4.00E-02,2.96000004
-8.18E-05,-2.00E-02,2.96000004
-8.16E-05,-2.00E-02,3
-8.14E-05,-2.00E-02,2.91999984
-8.12E-05,-2.00E-02,2.91999984
-8.10E-05,-4.00E-02,2.96000004
-8.08E-05,-2.00E-02,2.96000004
-8.06E-05,-2.00E-02,3.03999996
-8.04E-05,-2.00E-02,2.96000004
-8.02E-05,-4.00E-02,2.91999984
-8.00E-05,-2.00E-02,2.96000004
-7.98E-05,-2.00E-02,2.96000004
-7.96E-05,-2.00E-02,2.96000004
-7.94E-05,0,2.96000004
-7.92E-05,-2.00E-02,2.96000004
-7.90E-05,-2.00E-02,2.96000004
-7.88E-05,0,3
-7.86E-05,-2.00E-02,3
-7.84E-05,-2.00E-02,2.91999984
-7.82E-05,-2.00E-02,3
-7.80E-05,-4.00E-02,2.96000004
-7.78E-05,-2.00E-02,2.96000004
-7.76E-05,-2.00E-02,2.96000004
-7.74E-05,0,3
-7.72E-05,-4.00E-02,3
-7.70E-05,-4.00E-02,2.96000004
-7.68E-05,-2.00E-02,3
-7.66E-05,-2.00E-02,2.96000004
-7.64E-05,-4.00E-02,3
-7.62E-05,-2.00E-02,2.96000004
-7.60E-05,-6.00E-02,2.91999984
-7.58E-05,-2.00E-02,2.96000004
-7.56E-05,-4.00E-02,3
-7.54E-05,-4.00E-02,2.91999984
-7.52E-05,-2.00E-02,3
-7.50E-05,-2.00E-02,3
-7.48E-05,-4.00E-02,2.91999984
-7.46E-05,-2.00E-02,3
-7.44E-05,-2.00E-02,2.96000004
-7.42E-05,-4.00E-02,2.91999984
-7.40E-05,-2.00E-02,2.96000004
-7.38E-05,-2.00E-02,2.96000004
-7.36E-05,0,3
-7.34E-05,0,3
-7.32E-05,0,3
-7.30E-05,-2.00E-02,3
-7.28E-05,0,2.96000004
-7.26E-05,-4.00E-02,2.96000004
-7.24E-05,-2.00E-02,3
-7.22E-05,0,3
-7.20E-05,-2.00E-02,2.96000004
-7.18E-05,0,2.96000004
-7.16E-05,-4.00E-02,2.96000004
-7.14E-05,-2.00E-02,2.96000004
-7.12E-05,-2.00E-02,2.96000004
-7.10E-05,-4.00E-02,2.96000004
-7.08E-05,-4.00E-02,2.96000004
-7.06E-05,-4.00E-02,2.96000004
-7.04E-05,-2.00E-02,3
-7.02E-05,0,3
-7.00E-05,0,3
-6.98E-05,0,2.91999984
-6.96E-05,-2.00E-02,2.96000004
-6.94E-05,-2.00E-02,2.96000004
-6.92E-05,-2.00E-02,2.96000004
-6.90E-05,-2.00E-02,2.96000004
-6.88E-05,-4.00E-02,2.96000004
-6.86E-05,-2.00E-02,2.96000004
-6.84E-05,-2.00E-02,2.96000004
-6.82E-05,0,2.96000004
-6.80E-05,0,3
-6.78E-05,-2.00E-02,2.91999984
-6.76E-05,-2.00E-02,3
-6.74E-05,-2.00E-02,2.96000004
-6.72E-05,-2.00E-02,3
-6.70E-05,-2.00E-02,2.96000004
-6.68E-05,-2.00E-02,2.96000004
-6.66E-05,0,2.91999984
-6.64E-05,0,2.91999984
-6.62E-05,0,3
-6.60E-05,0,2.96000004
-6.58E-05,0,3
-6.56E-05,-2.00E-02,2.91999984
-6.54E-05,-2.00E-02,2.96000004
-6.52E-05,2.00E-02,3
-6.50E-05,-2.00E-02,2.96000004
-6.48E-05,-2.00E-02,2.96000004
-6.46E-05,-2.00E-02,2.96000004
-6.44E-05,-4.00E-02,2.96000004
-6.42E-05,-2.00E-02,2.96000004
-6.40E-05,0,3
-6.38E-05,0,3
-6.36E-05,0,3
-6.34E-05,0,3
-6.32E-05,-2.00E-02,2.96000004
-6.30E-05,0,2.96000004
-6.28E-05,0,2.96000004
-6.26E-05,-4.00E-02,3
-6.24E-05,0,2.96000004
-6.22E-05,0,2.96000004
-6.20E-05,0,2.96000004
-6.18E-05,-2.00E-02,3
-6.16E-05,2.00E-02,2.91999984
-6.14E-05,0,3
-6.12E-05,-6.00E-02,2.96000004
-6.10E-05,-2.00E-02,3
-6.08E-05,-2.00E-02,2.96000004
-6.06E-05,2.00E-02,3.03999996
-6.04E-05,0,2.96000004
-6.02E-05,2.00E-02,3.03999996
-6.00E-05,0,3
-5.98E-05,-4.00E-02,3
-5.96E-05,0,2.91999984
-5.94E-05,2.00E-02,2.96000004
-5.92E-05,0,3
-5.90E-05,0,2.96000004
-5.88E-05,-2.00E-02,3
-5.86E-05,0,2.96000004
-5.84E-05,0,2.96000004
-5.82E-05,-2.00E-02,2.91999984
-5.80E-05,0,2.96000004
-5.78E-05,0,2.96000004
-5.76E-05,4.00E-02,3.03999996
-5.74E-05,2.00E-02,3
-5.72E-05,0,2.96000004
-5.70E-05,2.00E-02,3
-5.68E-05,0,2.96000004
-5.66E-05,0,2.91999984
-5.64E-05,0,2.96000004
-5.62E-05,0,2.91999984
-5.60E-05,0,3
-5.58E-05,0,3
-5.56E-05,0,2.91999984
-5.54E-05,0,2.96000004
-5.52E-05,0,2.96000004
-5.50E-05,0,2.96000004
-5.48E-05,2.00E-02,2.91999984
-5.46E-05,2.00E-02,2.96000004
-5.44E-05,0,2.96000004
-5.42E-05,2.00E-02,2.96000004
-5.40E-05,2.00E-02,3
-5.38E-05,2.00E-02,2.96000004
-5.36E-05,2.00E-02,3
-5.34E-05,2.00E-02,3.03999996
-5.32E-05,2.00E-02,2.96000004
-5.30E-05,6.00E-02,2.96000004
-5.28E-05,0,2.96000004
-5.26E-05,2.00E-02,2.96000004
-5.24E-05,0,2.96000004
-5.22E-05,0,3
-5.20E-05,4.00E-02,2.96000004
-5.18E-05,0,2.96000004
-5.16E-05,0,2.96000004
-5.14E-05,2.00E-02,2.96000004
-5.12E-05,0,2.96000004
-5.10E-05,4.00E-02,3
-5.08E-05,0,2.91999984
-5.06E-05,4.00E-02,2.96000004
-5.04E-05,6.00E-02,2.96000004
-5.02E-05,6.00E-02,2.91999984
-5.00E-05,6.00E-02,2.96000004
-4.98E-05,2.00E-02,2.96000004
-4.96E-05,6.00E-02,2.96000004
-4.94E-05,4.00E-02,2.96000004
-4.92E-05,4.00E-02,3
-4.90E-05,6.00E-02,2.96000004
-4.88E-05,4.00E-02,2.96000004
-4.86E-05,8.00E-02,3
-4.84E-05,4.00E-02,2.96000004
-4.82E-05,4.00E-02,3
-4.80E-05,4.00E-02,2.96000004
-4.78E-05,4.00E-02,2.96000004
-4.76E-05,6.00E-02,2.96000004
-4.74E-05,4.00E-02,3
-4.72E-05,6.00E-02,2.96000004
-4.70E-05,6.00E-02,3
-4.68E-05,8.00E-02,2.96000004
-4.66E-05,6.00E-02,2.96000004
-4.64E-05,8.00E-02,3
-4.62E-05,4.00E-02,2.96000004
-4.60E-05,4.00E-02,3
-4.58E-05,8.00E-02,2.87999988
-4.56E-05,6.00E-02,2.96000004
-4.54E-05,6.00E-02,3
-4.52E-05,8.00E-02,3
-4.50E-05,8.00E-02,2.96000004
-4.48E-05,4.00E-02,2.96000004
-4.46E-05,4.00E-02,2.96000004
-4.44E-05,8.00E-02,2.96000004
-4.42E-05,8.00E-02,2.96000004
-4.40E-05,8.00E-02,2.96000004
-4.38E-05,6.00E-02,2.96000004
-4.36E-05,8.00E-02,2.96000004
-4.34E-05,8.00E-02,2.96000004
-4.32E-05,8.00E-02,2.96000004
-4.30E-05,1.00E-01,2.96000004
-4.28E-05,6.00E-02,2.96000004
-4.26E-05,8.00E-02,3
-4.24E-05,1.00E-01,2.96000004
-4.22E-05,8.00E-02,3
-4.20E-05,1.00E-01,2.96000004
-4.18E-05,1.00E-01,2.96000004
-4.16E-05,1.00E-01,2.91999984
-4.14E-05,6.00E-02,2.96000004
-4.12E-05,1.00E-01,2.96000004
-4.10E-05,8.00E-02,3.03999996
-4.08E-05,1.00E-01,3
-4.06E-05,1.00E-01,3
-4.04E-05,1.40E-01,2.96000004
-4.02E-05,8.00E-02,2.96000004
-4.00E-05,1.20E-01,3
-3.98E-05,1.20E-01,2.96000004
-3.96E-05,1.20E-01,2.96000004
-3.94E-05,1.20E-01,2.96000004
-3.92E-05,1.00E-01,2.96000004
-3.90E-05,1.00E-01,2.96000004
-3.88E-05,1.40E-01,2.96000004
-3.86E-05,1.20E-01,2.96000004
-3.84E-05,1.20E-01,2.96000004
-3.82E-05,1.40E-01,2.96000004
-3.80E-05,1.20E-01,3
-3.78E-05,1.40E-01,2.96000004
-3.76E-05,1.40E-01,3
-3.74E-05,1.20E-01,2.96000004
-3.72E-05,1.40E-01,3
-3.70E-05,1.40E-01,2.96000004
-3.68E-05,1.20E-01,2.96000004
-3.66E-05,1.60E-01,2.91999984
-3.64E-05,1.40E-01,2.96000004
-3.62E-05,1.20E-01,3
-3.60E-05,1.60E-01,3
-3.58E-05,1.60E-01,3.07999992
-3.56E-05,1.60E-01,2.96000004
-3.54E-05,1.60E-01,2.96000004
-3.52E-05,1.60E-01,2.96000004
-3.50E-05,1.80E-01,3
-3.48E-05,1.60E-01,2.96000004
-3.46E-05,1.60E-01,2.96000004
-3.44E-05,1.60E-01,2.96000004
-3.42E-05,1.60E-01,3
-3.40E-05,1.40E-01,2.96000004
-3.38E-05,1.80E-01,2.96000004
-3.36E-05,1.80E-01,2.96000004
-3.34E-05,1.80E-01,2.96000004
-3.32E-05,1.80E-01,2.96000004
-3.30E-05,1.60E-01,2.96000004
-3.28E-05,1.60E-01,3
-3.26E-05,1.60E-01,2.96000004
-3.24E-05,1.80E-01,2.96000004
-3.22E-05,2.00E-01,2.96000004
-3.20E-05,1.80E-01,3
-3.18E-05,2.00E-01,3
-3.16E-05,2.20E-01,2.91999984
-3.14E-05,1.80E-01,3
-3.12E-05,2.00E-01,2.96000004
-3.10E-05,2.00E-01,2.91999984
-3.08E-05,2.20E-01,3
-3.06E-05,2.20E-01,3
-3.04E-05,2.40E-01,2.96000004
-3.02E-05,2.40E-01,2.96000004
-3.00E-05,2.20E-01,2.96000004
-2.98E-05,2.40E-01,2.96000004
-2.96E-05,2.20E-01,3
-2.94E-05,2.20E-01,2.96000004
-2.92E-05,2.40E-01,3
-2.90E-05,2.60E-01,2.91999984
-2.88E-05,2.20E-01,2.96000004
-2.86E-05,2.20E-01,3
-2.84E-05,2.40E-01,3
-2.82E-05,2.20E-01,2.96000004
-2.80E-05,2.40E-01,2.96000004
-2.78E-05,2.60E-01,2.96000004
-2.76E-05,2.60E-01,3
-2.74E-05,2.60E-01,3
-2.72E-05,2.80E-01,3
-2.70E-05,2.80E-01,2.96000004
-2.68E-05,2.80E-01,2.96000004
-2.66E-05,2.80E-01,2.91999984
-2.64E-05,2.80E-01,3
-2.62E-05,3.00E-01,2.96000004
-2.60E-05,2.80E-01,3
-2.58E-05,2.80E-01,2.96000004
-2.56E-05,3.00E-01,2.96000004
-2.54E-05,3.00E-01,3
-2.52E-05,3.20E-01,3
-2.50E-05,3.00E-01,2.96000004
-2.48E-05,2.80E-01,3
-2.46E-05,3.00E-01,2.96000004
-2.44E-05,3.00E-01,2.91999984
-2.42E-05,3.40E-01,2.96000004
-2.40E-05,3.20E-01,2.96000004
-2.38E-05,3.20E-01,2.91999984
-2.36E-05,3.00E-01,3
-2.34E-05,3.20E-01,2.91999984
-2.32E-05,3.40E-01,3
-2.30E-05,3.00E-01,3
-2.28E-05,3.20E-01,3
-2.26E-05,3.20E-01,2.91999984
-2.24E-05,3.40E-01,2.96000004
-2.22E-05,3.40E-01,2.96000004
-2.20E-05,3.60E-01,2.91999984
-2.18E-05,3.40E-01,2.96000004
-2.16E-05,3.00E-01,3
-2.14E-05,3.80E-01,3.03999996
-2.12E-05,3.60E-01,2.96000004
-2.10E-05,3.80E-01,3
-2.08E-05,3.60E-01,2.96000004
-2.06E-05,3.80E-01,2.96000004
-2.04E-05,3.60E-01,2.96000004
-2.02E-05,3.80E-01,2.96000004
-2.00E-05,3.80E-01,2.96000004
-1.98E-05,4.20E-01,2.96000004
-1.96E-05,3.80E-01,2.96000004
-1.94E-05,3.80E-01,2.96000004
-1.92E-05,3.80E-01,2.96000004
-1.90E-05,4.00E-01,2.96000004
-1.88E-05,3.80E-01,2.96000004
-1.86E-05,4.00E-01,2.96000004
-1.84E-05,4.00E-01,2.96000004
-1.82E-05,4.20E-01,3
-1.80E-05,4.20E-01,3.03999996
-1.78E-05,4.00E-01,2.96000004
-1.76E-05,4.20E-01,2.96000004
-1.74E-05,4.20E-01,3
-1.72E-05,4.00E-01,2.96000004
-1.70E-05,4.20E-01,2.96000004
-1.68E-05,4.60E-01,2.96000004
-1.66E-05,4.40E-01,2.96000004
-1.64E-05,4.20E-01,2.96000004
-1.62E-05,4.60E-01,3
-1.60E-05,4.80E-01,2.91999984
-1.58E-05,5.00E-01,2.96000004
-1.56E-05,4.40E-01,2.96000004
-1.54E-05,4.80E-01,3
-1.52E-05,4.60E-01,2.96000004
-1.50E-05,5.00E-01,2.96000004
-1.48E-05,4.80E-01,3
-1.46E-05,4.80E-01,3
-1.44E-05,4.60E-01,2.96000004
-1.42E-05,5.20E-01,2.96000004
-1.40E-05,5.20E-01,3
-1.38E-05,5.00E-01,2.96000004
-1.36E-05,5.20E-01,2.96000004
-1.34E-05,5.00E-01,2.96000004
-1.32E-05,4.80E-01,3
-1.30E-05,4.80E-01,2.96000004
-1.28E-05,5.20E-01,2.96000004
-1.26E-05,5.40E-01,2.96000004
-1.24E-05,5.80E-01,2.91999984
-1.22E-05,5.20E-01,2.96000004
-1.20E-05,5.40E-01,2.91999984
-1.18E-05,5.40E-01,2.91999984
-1.16E-05,5.20E-01,2.96000004
-1.14E-05,5.60E-01,2.96000004
-1.12E-05,5.40E-01,3
-1.10E-05,5.60E-01,3
-1.08E-05,5.80E-01,3
-1.06E-05,5.80E-01,3
-1.04E-05,6.00E-01,2.96000004
-1.02E-05,5.60E-01,3
-1.00E-05,5.80E-01,2.91999984
-9.80E-06,5.80E-01,2.96000004
-9.60E-06,6.00E-01,2.96000004
-9.40E-06,6.00E-01,3
-9.20E-06,6.00E-01,2.96000004
-9.00E-06,6.00E-01,3.03999996
-8.80E-06,6.20E-01,3
-8.60E-06,6.20E-01,2.96000004
-8.40E-06,6.20E-01,3
-8.20E-06,6.40E-01,3
-8.00E-06,6.40E-01,2.96000004
-7.80E-06,6.40E-01,2.96000004
-7.60E-06,6.40E-01,2.91999984
-7.40E-06,6.40E-01,2.96000004
-7.20E-06,6.40E-01,2.96000004
-7.00E-06,6.80E-01,2.91999984
-6.80E-06,6.80E-01,2.96000004
-6.60E-06,6.80E-01,2.96000004
-6.40E-06,6.80E-01,3
-6.20E-06,6.60E-01,3
-6.00E-06,6.80E-01,2.96000004
-5.80E-06,6.80E-01,3
-5.60E-06,6.80E-01,2.91999984
-5.40E-06,7.00E-01,3
-5.20E-06,7.00E-01,2.96000004
-5.00E-06,6.80E-01,3
-4.80E-06,7.20E-01,3
-4.60E-06,7.20E-01,3
-4.40E-06,7.20E-01,2.96000004
-4.20E-06,7.40E-01,2.91999984
-4.00E-06,7.40E-01,2.96000004
-3.80E-06,7.00E-01,2.96000004
-3.60E-06,7.60E-01,2.96000004
-3.40E-06,7.60E-01,2.96000004
-3.20E-06,7.60E-01,2.96000004
-3.00E-06,7.40E-01,3
-2.80E-06,7.60E-01,2.96000004
-2.60E-06,7.60E-01,2.96000004
-2.40E-06,7.80E-01,2.96000004
-2.20E-06,8.00E-01,2.96000004
-2.00E-06,7.80E-01,2.96000004
-1.80E-06,7.40E-01,2.96000004
-1.60E-06,8.00E-01,2.96000004
-1.40E-06,8.00E-01,3
-1.20E-06,8.00E-01,3
-1.00E-06,8.00E-01,2.91999984
-8.00E-07,8.20E-01,2.91999984
-6.00E-07,8.20E-01,2.96000004
-4.00E-07,8.20E-01,3
-2.00E-07,8.40E-01,2.96000004
3.15E-12,8.60E-01,2.96000004
2.00E-07,8.40E-01,3
4.00E-07,8.40E-01,2.96000004
6.00E-07,8.60E-01,2.96000004
8.00E-07,8.60E-01,2.96000004
1.00E-06,8.60E-01,2.96000004
1.20E-06,8.80E-01,2.96000004
1.40E-06,8.80E-01,2.96000004
1.60E-06,9.00E-01,2.96000004
1.80E-06,8.60E-01,3.03999996
2.00E-06,8.80E-01,2.96000004
2.20E-06,9.20E-01,2.91999984
2.40E-06,9.00E-01,3
2.60E-06,8.80E-01,2.91999984
2.80E-06,9.00E-01,3
3.00E-06,9.20E-01,2.91999984
3.20E-06,9.40E-01,3
3.40E-06,9.00E-01,3
3.60E-06,9.40E-01,3
3.80E-06,9.40E-01,3
4.00E-06,9.80E-01,2.96000004
4.20E-06,9.40E-01,3
4.40E-06,9.60E-01,3.03999996
4.60E-06,9.60E-01,3
4.80E-06,1,2.96000004
5.00E-06,9.60E-01,2.91999984
5.20E-06,9.60E-01,2.96000004
5.40E-06,9.80E-01,3
5.60E-06,1,3
5.80E-06,1,2.96000004
6.00E-06,1.02,3
6.20E-06,1.02,2.96000004
6.40E-06,1.02,2.96000004
6.60E-06,1,3
6.80E-06,1.02,2.96000004
7.00E-06,1,2.91999984
7.20E-06,1.0599999,3
7.40E-06,1.0599999,2.96000004
7.60E-06,1.04,2.91999984
7.80E-06,1.0599999,2.96000004
8.00E-06,1.0599999,3
8.20E-06,1.1,2.91999984
8.40E-06,1.0799999,3
8.60E-06,1.0599999,3
8.80E-06,1.0799999,3
9.00E-06,1.1,2.96000004
9.20E-06,1.12,3
9.40E-06,1.1,2.91999984
9.60E-06,1.1,2.96000004
9.80E-06,1.12,2.96000004
1.00E-05,1.1,2.91999984
1.02E-05,1.1,2.96000004
1.04E-05,1.12,2.96000004
1.06E-05,1.16,2.96000004
1.08E-05,1.16,2.91999984
1.10E-05,1.14,3
1.12E-05,1.1799999,3
1.14E-05,1.16,3
1.16E-05,1.16,2.96000004
1.18E-05,1.1799999,2.96000004
1.20E-05,1.1799999,3
1.22E-05,1.1999999,2.96000004
1.24E-05,1.1799999,2.96000004
1.26E-05,1.1999999,2.91999984
1.28E-05,1.1999999,2.96000004
1.30E-05,1.1999999,2.96000004
1.32E-05,1.24,3
1.34E-05,1.24,3
1.36E-05,1.22,2.96000004
1.38E-05,1.24,2.96000004
1.40E-05,1.26,3
1.42E-05,1.26,2.96000004
1.44E-05,1.24,2.96000004
1.46E-05,1.26,3
1.48E-05,1.26,2.96000004
1.50E-05,1.28,2.96000004
1.52E-05,1.28,2.91999984
1.54E-05,1.3,2.96000004
1.56E-05,1.28,2.96000004
1.58E-05,1.3,2.96000004
1.60E-05,1.3,2.96000004
1.62E-05,1.3199999,2.96000004
1.64E-05,1.3199999,3
1.66E-05,1.3399999,2.96000004
1.68E-05,1.3,3
1.70E-05,1.3199999,3
1.72E-05,1.36,2.96000004
1.74E-05,1.36,2.96000004
1.76E-05,1.3399999,2.91999984
1.78E-05,1.38,2.96000004
1.80E-05,1.36,2.91999984
1.82E-05,1.38,3
1.84E-05,1.36,3.03999996
1.86E-05,1.36,3
1.88E-05,1.4,2.96000004
1.90E-05,1.4,2.96000004
1.92E-05,1.4,3
1.94E-05,1.4,3
1.96E-05,1.4,3
1.98E-05,1.4599999,3
2.00E-05,1.4399999,2.96000004
2.02E-05,1.4,2.96000004
2.04E-05,1.42,2.91999984
2.06E-05,1.4599999,2.96000004
2.08E-05,1.4399999,2.96000004
2.10E-05,1.4599999,2.96000004
2.12E-05,1.48,2.96000004
2.14E-05,1.5,3
2.16E-05,1.48,3.03999996
2.18E-05,1.48,2.96000004
2.20E-05,1.48,2.96000004
2.22E-05,1.5,2.91999984
2.24E-05,1.5,2.96000004
2.26E-05,1.48,2.96000004
2.28E-05,1.5,2.91999984
2.30E-05,1.5,2.96000004
2.32E-05,1.5,3
2.34E-05,1.52,2.96000004
2.36E-05,1.54,2.96000004
2.38E-05,1.5599999,2.96000004
2.40E-05,1.54,3
2.42E-05,1.5599999,3
2.44E-05,1.5799999,2.96000004
2.46E-05,1.5999999,2.96000004
2.48E-05,1.5999999,2.96000004
2.50E-05,1.5999999,3
2.52E-05,1.5799999,2.96000004
2.54E-05,1.5999999,3
2.56E-05,1.5999999,2.96000004
2.58E-05,1.5799999,3
2.60E-05,1.62,2.91999984
2.62E-05,1.64,2.96000004
2.64E-05,1.5999999,2.91999984
2.66E-05,1.64,3
2.68E-05,1.64,3
2.70E-05,1.64,3
2.72E-05,1.62,2.96000004
2.74E-05,1.62,2.96000004
2.76E-05,1.66,2.91999984
2.78E-05,1.66,2.91999984
2.80E-05,1.66,2.96000004
2.82E-05,1.6799999,3
2.84E-05,1.66,2.96000004
2.86E-05,1.6999999,3
2.88E-05,1.6999999,3
2.90E-05,1.6999999,2.96000004
2.92E-05,1.7199999,2.91999984
2.94E-05,1.7199999,2.96000004
2.96E-05,1.76,2.96000004
2.98E-05,1.7199999,2.96000004
3.00E-05,1.7199999,2.96000004
3.02E-05,1.76,2.96000004
3.04E-05,1.8,2.91999984
3.06E-05,1.74,2.96000004
3.08E-05,1.76,3
3.10E-05,1.76,2.96000004
3.12E-05,1.76,3
3.14E-05,1.78,3
3.16E-05,1.8,2.96000004
3.18E-05,1.76,2.96000004
3.20E-05,1.78,2.96000004
3.22E-05,1.8,3
3.24E-05,1.8,2.91999984
3.26E-05,1.8199999,3
3.28E-05,1.8,3
3.30E-05,1.8399999,2.96000004
3.32E-05,1.8399999,2.96000004
3.34E-05,1.8199999,3
3.36E-05,1.86,2.96000004
3.38E-05,1.88,2.96000004
3.40E-05,1.86,3
3.42E-05,1.86,3
3.44E-05,1.86,2.96000004
3.46E-05,1.86,3
3.48E-05,1.88,3
3.50E-05,1.88,2.96000004
3.52E-05,1.9,2.96000004
3.54E-05,1.9,2.96000004
3.56E-05,1.9,2.96000004
3.58E-05,1.88,3
3.60E-05,1.92,2.96000004
3.62E-05,1.9399999,3
3.64E-05,1.92,3
3.66E-05,1.9399999,2.96000004
3.68E-05,1.9,3
3.70E-05,1.9399999,2.96000004
3.72E-05,1.9599999,2.96000004
3.74E-05,1.9799999,2.91999984
3.76E-05,1.9399999,2.96000004
3.78E-05,1.9399999,2.96000004
3.80E-05,2,2.96000004
3.82E-05,1.9399999,3.03999996
3.84E-05,1.9799999,3
3.86E-05,2,3
3.88E-05,2,2.91999984
3.90E-05,1.9799999,2.96000004
3.92E-05,2.02,2.91999984
3.94E-05,2.02,2.96000004
3.96E-05,2.0599999,2.96000004
3.98E-05,2.02,2.96000004
4.00E-05,2.02,2.96000004
4.02E-05,2.04,2.96000004
4.04E-05,2.0799999,2.96000004
4.06E-05,2.02,2.96000004
4.08E-05,2.0599999,3
4.10E-05,2.0799999,3
4.12E-05,2.0799999,2.96000004
4.14E-05,2.0999999,3
4.16E-05,2.0599999,2.96000004
4.18E-05,2.0599999,2.96000004
4.20E-05,2.0799999,2.91999984
4.22E-05,2.0999999,2.91999984
4.24E-05,2.0799999,2.96000004
4.26E-05,2.1399999,2.91999984
4.28E-05,2.0999999,2.91999984
4.30E-05,2.0999999,3
4.32E-05,2.1199999,3
4.34E-05,2.1399999,2.96000004
4.36E-05,2.1800001,3
4.38E-05,2.1399999,2.96000004
4.40E-05,2.1199999,2.96000004
4.42E-05,2.1399999,2.96000004
4.44E-05,2.1599998,2.96000004
4.46E-05,2.1399999,2.96000004
4.48E-05,2.2,2.96000004
4.50E-05,2.1800001,2.96000004
4.52E-05,2.2,2.96000004
4.54E-05,2.1800001,2.96000004
4.56E-05,2.1800001,3
4.58E-05,2.2,2.91999984
4.60E-05,2.22,2.96000004
4.62E-05,2.1800001,2.96000004
4.64E-05,2.22,3
4.66E-05,2.2,2.96000004
4.68E-05,2.22,2.96000004
4.70E-05,2.24,2.96000004
4.72E-05,2.2,2.91999984
4.74E-05,2.22,2.96000004
4.76E-05,2.26,2.91999984
4.78E-05,2.24,3
4.80E-05,2.26,3
4.82E-05,2.24,2.96000004
4.84E-05,2.26,2.91999984
4.86E-05,2.28,2.96000004
4.88E-05,2.3,2.96000004
4.90E-05,2.3,2.91999984
4.92E-05,2.3,2.96000004
4.94E-05,2.3,2.96000004
4.96E-05,2.28,2.96000004
4.98E-05,2.3,3
5.00E-05,2.3199999,3
5.02E-05,2.3599999,3
5.04E-05,2.3399999,2.96000004
5.06E-05,2.3599999,3
5.08E-05,2.3399999,2.96000004
5.10E-05,2.3,2.96000004
5.12E-05,2.3599999,2.96000004
5.14E-05,2.3599999,2.91999984
5.16E-05,2.3399999,2.96000004
5.18E-05,2.3799999,2.96000004
5.20E-05,2.3799999,3
5.22E-05,2.3799999,2.91999984
5.24E-05,2.3999999,2.96000004
5.26E-05,2.3999999,2.96000004
5.28E-05,2.4199998,2.96000004
5.30E-05,2.3999999,3
5.32E-05,2.3999999,2.96000004
5.34E-05,2.3599999,2.91999984
5.36E-05,2.46,2.96000004
5.38E-05,2.3999999,3
5.40E-05,2.4400001,3
5.42E-05,2.4199998,2.96000004
5.44E-05,2.3799999,3
5.46E-05,2.48,2.96000004
5.48E-05,2.46,2.96000004
5.50E-05,2.46,2.96000004
5.52E-05,2.46,2.96000004
5.54E-05,2.48,2.91999984
5.56E-05,2.48,2.96000004
5.58E-05,2.46,2.96000004
5.60E-05,2.48,2.96000004
5.62E-05,2.46,3
5.64E-05,2.46,3.03999996
5.66E-05,2.48,2.96000004
5.68E-05,2.48,2.96000004
5.70E-05,2.48,3
5.72E-05,2.48,2.91999984
5.74E-05,2.48,2.91999984
5.76E-05,2.48,2.91999984
5.78E-05,2.48,2.96000004
5.80E-05,2.48,2.96000004
5.82E-05,2.48,2.96000004
5.84E-05,2.48,2.96000004
5.86E-05,2.48,2.96000004
5.88E-05,2.48,2.96000004
5.90E-05,2.48,3
5.92E-05,2.48,2.91999984
5.94E-05,2.48,3
5.96E-05,2.48,2.96000004
5.98E-05,2.48,2.91999984
6.00E-05,2.48,2.91999984
6.02E-05,2.48,2.96000004
6.04E-05,2.48,3
6.06E-05,2.48,2.96000004
6.08E-05,2.48,2.96000004
6.10E-05,2.48,2.96000004
6.12E-05,2.48,3
6.14E-05,2.48,2.96000004
6.16E-05,2.48,3
6.18E-05,2.48,2.96000004
6.20E-05,2.48,2.91999984
6.22E-05,2.48,2.91999984
6.24E-05,2.48,2.96000004
6.26E-05,2.48,2.96000004
6.28E-05,2.48,2.96000004
6.30E-05,2.48,3
6.32E-05,2.48,2.96000004
6.34E-05,2.48,2.96000004
6.36E-05,2.48,3
6.38E-05,2.48,2.96000004
6.40E-05,2.48,2.96000004
6.42E-05,2.48,3
6.44E-05,2.48,2.91999984
6.46E-05,2.48,2.96000004
6.48E-05,2.48,2.96000004
6.50E-05,2.48,2.96000004
6.52E-05,2.48,2.91999984
6.54E-05,2.48,3
6.56E-05,2.48,2.91999984
6.58E-05,2.48,2.96000004
6.60E-05,2.48,2.96000004
6.62E-05,2.48,2.96000004
6.64E-05,2.48,2.96000004
6.66E-05,2.48,3
6.68E-05,2.48,2.91999984
6.70E-05,2.48,2.96000004
6.72E-05,2.48,2.96000004
6.74E-05,2.48,2.96000004
6.76E-05,2.48,3
6.78E-05,2.48,2.96000004
6.80E-05,2.48,2.96000004
6.82E-05,2.48,2.91999984
6.84E-05,2.48,3
6.86E-05,2.48,2.96000004
6.88E-05,2.48,2.96000004
6.90E-05,2.48,2.96000004
6.92E-05,2.48,2.96000004
6.94E-05,2.48,2.96000004
6.96E-05,2.48,2.96000004
6.98E-05,2.48,2.96000004
7.00E-05,2.48,2.96000004
7.02E-05,2.48,3
7.04E-05,2.48,3
7.06E-05,2.48,2.96000004
7.08E-05,2.48,3
7.10E-05,2.48,3
7.12E-05,2.48,2.96000004
7.14E-05,2.48,2.91999984
7.16E-05,2.48,2.96000004
7.18E-05,2.48,2.96000004
7.20E-05,2.48,2.91999984
7.22E-05,2.48,2.91999984
7.24E-05,2.48,2.91999984
7.26E-05,2.48,2.91999984
7.28E-05,2.48,2.96000004
7.30E-05,2.48,2.96000004
7.32E-05,2.48,2.96000004
7.34E-05,2.48,2.91999984
7.36E-05,2.48,2.91999984
7.38E-05,2.48,2.91999984
7.40E-05,2.48,2.96000004
7.42E-05,2.48,2.96000004
7.44E-05,2.48,2.91999984
7.46E-05,2.48,2.91999984
7.48E-05,2.48,2.91999984
7.50E-05,2.48,2.91999984
7.52E-05,2.48,2.96000004
7.54E-05,2.48,2.96000004
7.56E-05,2.48,2.96000004
7.58E-05,2.48,2.96000004
7.60E-05,2.48,3
7.62E-05,2.48,2.96000004
7.64E-05,2.48,3
7.66E-05,2.48,2.96000004
7.68E-05,2.48,2.96000004
7.70E-05,2.48,2.91999984
7.72E-05,2.48,2.91999984
7.74E-05,2.48,2.96000004
7.76E-05,2.48,3
7.78E-05,2.48,3
7.80E-05,2.48,2.96000004
7.82E-05,2.48,2.96000004
7.84E-05,2.48,2.91999984
7.86E-05,2.48,2.91999984
7.88E-05,2.48,2.96000004
7.90E-05,2.48,2.91999984
7.92E-05,2.48,2.91999984
7.94E-05,2.48,2.96000004
7.96E-05,2.48,2.96000004
7.98E-05,2.48,2.91999984
8.00E-05,2.48,2.91999984
8.02E-05,2.48,2.91999984
8.04E-05,2.48,2.91999984
8.06E-05,2.48,2.91999984
8.08E-05,2.48,2.96000004
8.10E-05,2.48,2.96000004
8.12E-05,2.48,2.91999984
8.14E-05,2.48,2.91999984
8.16E-05,2.48,2.91999984
8.18E-05,2.48,2.87999988
8.20E-05,2.48,2.87999988
8.22E-05,2.48,2.87999988
8.24E-05,2.48,2.83999991
8.26E-05,2.48,2.87999988
8.28E-05,2.48,2.87999988
8.30E-05,2.48,2.91999984
8.32E-05,2.48,2.87999988
8.34E-05,2.48,2.87999988
8.36E-05,2.48,2.87999988
8.38E-05,2.48,2.87999988
8.40E-05,2.48,2.87999988
8.42E-05,2.48,2.87999988
8.44E-05,2.48,2.83999991
8.46E-05,2.48,2.87999988
8.48E-05,2.48,2.83999991
8.50E-05,2.48,2.83999991
8.52E-05,2.48,2.87999988
8.54E-05,2.48,2.83999991
8.56E-05,2.48,2.79999995
8.58E-05,2.48,2.87999988
8.60E-05,2.48,2.79999995
8.62E-05,2.48,2.83999991
8.64E-05,2.48,2.87999988
8.66E-05,2.48,2.79999995
8.68E-05,2.48,2.79999995
8.70E-05,2.48,2.75999999
8.72E-05,2.48,2.75999999
8.74E-05,2.48,2.75999999
8.76E-05,2.48,2.83999991
8.78E-05,2.48,2.79999995
8.80E-05,2.48,2.75999999
8.82E-05,2.48,2.75999999
8.84E-05,2.48,2.75999999
8.86E-05,2.48,2.72000003
8.88E-05,2.48,2.75999999
8.90E-05,2.48,2.75999999
8.92E-05,2.48,2.75999999
8.94E-05,2.48,2.72000003
8.96E-05,2.48,2.72000003
8.98E-05,2.48,2.72000003
9.00E-05,2.48,2.72000003
9.02E-05,2.48,2.75999999
9.04E-05,2.48,2.72000003
9.06E-05,2.48,2.6799998
9.08E-05,2.48,2.6799998
9.10E-05,2.48,2.6799998
9.12E-05,2.48,2.6799998
9.14E-05,2.48,2.5999999
9.16E-05,2.48,2.6799998
9.18E-05,2.48,2.5999999
9.20E-05,2.48,2.6399999
9.22E-05,2.48,2.6399999
9.24E-05,2.48,2.72000003
9.26E-05,2.48,2.6799998
9.28E-05,2.48,2.6399999
9.30E-05,2.48,2.6399999
9.32E-05,2.48,2.6399999
9.34E-05,2.48,2.5999999
9.36E-05,2.48,2.6399999
9.38E-05,2.48,2.5999999
9.40E-05,2.48,2.5599999
9.42E-05,2.48,2.5999999
9.44E-05,2.48,2.5999999
9.46E-05,2.48,2.5599999
9.48E-05,2.48,2.5999999
9.50E-05,2.48,2.5999999
9.52E-05,2.48,2.5599999
9.54E-05,2.48,2.6399999
9.56E-05,2.48,2.5599999
9.58E-05,2.48,2.5999999
9.60E-05,2.48,2.5999999
9.62E-05,2.48,2.5599999
9.64E-05,2.48,2.6399999
9.66E-05,2.48,2.5999999
9.68E-05,2.48,2.5599999
9.70E-05,2.48,2.48
9.72E-05,2.48,2.52
9.74E-05,2.48,2.5599999
9.76E-05,2.48,2.5999999
9.78E-05,2.48,2.5599999
9.80E-05,2.48,2.52
9.82E-05,2.48,2.52
9.84E-05,2.48,2.48
9.86E-05,2.48,2.52
9.88E-05,2.48,2.52
9.90E-05,2.48,2.48
9.92E-05,2.48,2.52
9.94E-05,2.48,2.48
9.96E-05,2.48,2.52
9.98E-05,2.48,2.48
1.00E-04,2.48,2.48
1.00E-04,2.48,2.48
1.00E-04,2.48,2.52
1.01E-04,2.48,2.5599999
1.01E-04,2.48,2.52
1.01E-04,2.48,2.52
1.01E-04,2.48,2.48
1.01E-04,2.48,2.48
1.02E-04,2.48,2.48
1.02E-04,2.48,2.48
1.02E-04,2.48,2.4400001
1.02E-04,2.48,2.48
1.02E-04,2.48,2.52
1.03E-04,2.48,2.52
1.03E-04,2.48,2.48
1.03E-04,2.48,2.48
1.03E-04,2.48,2.48
1.03E-04,2.48,2.48
1.04E-04,2.48,2.48
1.04E-04,2.48,2.4400001
1.04E-04,2.48,2.4400001
1.04E-04,2.48,2.4400001
1.04E-04,2.48,2.3999999
1.05E-04,2.48,2.4400001
1.05E-04,2.48,2.4400001
1.05E-04,2.48,2.48
1.05E-04,2.48,2.3999999
1.05E-04,2.48,2.4400001
1.06E-04,2.48,2.4400001
1.06E-04,2.48,2.48
1.06E-04,2.48,2.4400001
1.06E-04,2.48,2.48
1.06E-04,2.48,2.3999999
1.07E-04,2.48,2.3999999
1.07E-04,2.48,2.3999999
1.07E-04,2.48,2.4400001
1.07E-04,2.48,2.3999999
1.07E-04,2.48,2.4400001
1.08E-04,2.48,2.4400001
1.08E-04,2.48,2.4400001
1.08E-04,2.48,2.3999999
1.08E-04,2.48,2.3999999
1.08E-04,2.48,2.3999999
1.09E-04,2.48,2.4400001
1.09E-04,2.48,2.3599999
1.09E-04,2.48,2.3999999
1.09E-04,2.48,2.3999999
1.09E-04,2.48,2.3999999
1.10E-04,2.48,2.3999999
1.10E-04,2.48,2.3999999
1.10E-04,2.48,2.3999999
1.10E-04,2.48,2.4400001
1.10E-04,2.48,2.3999999
1.11E-04,2.48,2.3999999
1.11E-04,2.48,2.3599999
1.11E-04,2.48,2.3599999
1.11E-04,2.48,2.3599999
1.11E-04,2.48,2.3599999
1.12E-04,2.48,2.3199999
1.12E-04,2.48,2.3199999
1.12E-04,2.48,2.3599999
1.12E-04,2.48,2.3599999
1.12E-04,2.48,2.3599999
1.13E-04,2.48,2.3599999
1.13E-04,2.48,2.3599999
1.13E-04,2.48,2.3599999
1.13E-04,2.48,2.3599999
1.13E-04,2.48,2.3599999
1.14E-04,2.48,2.3599999
1.14E-04,2.48,2.3599999
1.14E-04,2.48,2.3599999
1.14E-04,2.48,2.3599999
1.14E-04,2.48,2.3599999
1.15E-04,2.48,2.3599999
1.15E-04,2.48,2.3199999
1.15E-04,2.48,2.3599999
1.15E-04,2.48,2.3199999
1.15E-04,2.48,2.3599999
1.16E-04,2.48,2.3999999
1.16E-04,2.48,2.3199999
1.16E-04,2.48,2.28
1.16E-04,2.48,2.3599999
1.16E-04,2.48,2.3199999
1.17E-04,2.48,2.28
1.17E-04,2.48,2.3199999
1.17E-04,2.48,2.28
1.17E-04,2.48,2.3199999
1.17E-04,2.48,2.3199999
1.18E-04,2.48,2.3199999
1.18E-04,2.48,2.28
1.18E-04,2.48,2.3199999
1.18E-04,2.48,2.24
1.18E-04,2.48,2.28
1.19E-04,2.48,2.28
1.19E-04,2.48,2.24
1.19E-04,2.48,2.24
1.19E-04,2.48,2.28
1.19E-04,2.48,2.24
1.20E-04,2.48,2.24
1.20E-04,2.48,2.24
1.20E-04,2.48,2.28
1.20E-04,2.48,2.28
1.20E-04,2.48,2.24
1.21E-04,2.48,2.24
1.21E-04,2.48,2.24
1.21E-04,2.48,2.2
1.21E-04,2.48,2.2
1.21E-04,2.48,2.2
1.22E-04,2.48,2.2
1.22E-04,2.48,2.2
1.22E-04,2.48,2.1599998
1.22E-04,2.48,2.2
1.22E-04,2.48,2.2
1.23E-04,2.48,2.2
1.23E-04,2.48,2.2
1.23E-04,2.48,2.2
1.23E-04,2.48,2.1599998
1.23E-04,2.48,2.1199999
1.24E-04,2.48,2.1599998
1.24E-04,2.48,2.1599998
1.24E-04,2.48,2.1199999
1.24E-04,2.48,2.1199999
1.24E-04,2.48,2.1199999
1.25E-04,2.48,2.0799999
1.25E-04,2.48,2.1199999
1.25E-04,2.48,2.1199999
1.25E-04,2.48,2.0799999
1.25E-04,2.48,2.1199999
1.26E-04,2.48,2.1199999
1.26E-04,2.48,2.1199999
1.26E-04,2.48,2.0799999
1.26E-04,2.48,2.04
1.26E-04,2.48,2.04
1.27E-04,2.48,2.0799999
1.27E-04,2.48,2.0799999
1.27E-04,2.48,2.04
1.27E-04,2.48,2.1199999
1.27E-04,2.48,2.0799999
1.28E-04,2.48,2.0799999
1.28E-04,2.48,2.04
1.28E-04,2.48,2.04
1.28E-04,2.48,2.0799999
1.28E-04,2.48,2.0799999
1.29E-04,2.48,2.0799999
1.29E-04,2.48,2.0799999
1.29E-04,2.48,2
1.29E-04,2.48,2.04
1.29E-04,2.48,2.04
1.30E-04,2.48,2.0799999
1.30E-04,2.48,2.04
1.30E-04,2.48,2.04
1.30E-04,2.48,2
1.30E-04,2.48,2
1.31E-04,2.48,2
1.31E-04,2.48,2
1.31E-04,2.48,2
1.31E-04,2.48,2
1.31E-04,2.48,2.04
1.32E-04,2.48,2
1.32E-04,2.48,2
1.32E-04,2.48,2
1.32E-04,2.48,2
1.32E-04,2.48,2.04
1.33E-04,2.48,2
1.33E-04,2.48,2.04
1.33E-04,2.48,2.04
1.33E-04,2.48,2
1.33E-04,2.48,1.9599999
1.34E-04,2.48,2
1.34E-04,2.48,2
1.34E-04,2.48,2
1.34E-04,2.48,1.9599999
1.34E-04,2.48,1.9599999
1.35E-04,2.48,2.04
1.35E-04,2.48,2
1.35E-04,2.48,1.9599999
1.35E-04,2.48,2
1.35E-04,2.48,2
1.36E-04,2.48,2
1.36E-04,2.48,2
1.36E-04,2.48,2
1.36E-04,2.48,2
1.36E-04,2.48,1.92
1.37E-04,2.48,1.9599999
1.37E-04,2.48,2
1.37E-04,2.48,2
1.37E-04,2.48,2.04
1.37E-04,2.48,1.9599999
1.38E-04,2.48,1.9599999
1.38E-04,2.48,1.9599999
1.38E-04,2.48,2
1.38E-04,2.48,2
1.38E-04,2.48,1.9599999
1.39E-04,2.48,2
1.39E-04,2.48,1.9599999
1.39E-04,2.48,1.9599999
1.39E-04,2.48,1.9599999
1.39E-04,2.48,1.9599999
1.40E-04,2.48,2
1.40E-04,2.48,1.9599999
1.40E-04,2.48,1.9599999
1.40E-04,2.48,2
1.40E-04,2.48,1.9599999
1.41E-04,2.48,1.9599999
1.41E-04,2.48,1.9599999
1.41E-04,2.48,1.92
1.41E-04,2.48,1.92
1.41E-04,2.48,1.92
1.42E-04,2.48,1.92
1.42E-04,2.48,1.9599999
1.42E-04,2.48,1.9599999
1.42E-04,2.48,1.9599999
1.42E-04,2.48,1.92
1.43E-04,2.48,1.92
1.43E-04,2.48,1.9599999
1.43E-04,2.48,1.92
1.43E-04,2.48,1.92
1.43E-04,2.48,1.9599999
1.44E-04,2.48,1.92
1.44E-04,2.48,1.88
1.44E-04,2.48,1.92
1.44E-04,2.48,1.88
1.44E-04,2.48,1.88
1.45E-04,2.48,1.88
1.45E-04,2.48,1.92
1.45E-04,2.48,1.92
1.45E-04,2.48,1.92
1.45E-04,2.48,1.9599999
1.46E-04,2.48,1.88
1.46E-04,2.48,1.88
1.46E-04,2.48,1.92
1.46E-04,2.48,1.88
1.46E-04,2.48,1.88
1.47E-04,2.48,1.88
1.47E-04,2.48,1.88
1.47E-04,2.48,1.8399999
1.47E-04,2.48,1.92
1.47E-04,2.48,1.8
1.48E-04,2.48,1.88
1.48E-04,2.48,1.88
1.48E-04,2.48,1.8
1.48E-04,2.48,1.88
1.48E-04,2.48,1.88
1.49E-04,2.48,1.8399999
1.49E-04,2.48,1.8
1.49E-04,2.48,1.8399999
1.49E-04,2.48,1.8399999
1.49E-04,2.48,1.8
1.50E-04,2.48,1.8399999
1.50E-04,2.48,1.8399999
1.50E-04,2.48,1.8399999
1.50E-04,2.48,1.8
1.50E-04,2.48,1.8399999
1.51E-04,2.48,1.8399999
1.51E-04,2.48,1.8
1.51E-04,2.48,1.8
1.51E-04,2.48,1.8
1.51E-04,2.48,1.8
1.52E-04,2.48,1.8
1.52E-04,2.48,1.8
1.52E-04,2.48,1.8
1.52E-04,2.48,1.8
1.52E-04,2.48,1.76
1.53E-04,2.48,1.76
1.53E-04,2.48,1.8
1.53E-04,2.48,1.8
1.53E-04,2.48,1.8
1.53E-04,2.48,1.8
1.54E-04,2.48,1.8
1.54E-04,2.48,1.8
1.54E-04,2.48,1.8
1.54E-04,2.48,1.8
1.54E-04,2.48,1.8
1.55E-04,2.48,1.7199999
1.55E-04,2.48,1.76
1.55E-04,2.48,1.7199999
1.55E-04,2.48,1.76
1.55E-04,2.48,1.7199999
1.56E-04,2.48,1.8
1.56E-04,2.48,1.7199999
1.56E-04,2.48,1.7199999
1.56E-04,2.48,1.6799999
1.56E-04,2.48,1.76
1.57E-04,2.48,1.7199999
1.57E-04,2.48,1.76
1.57E-04,2.48,1.7199999
1.57E-04,2.48,1.7199999
1.57E-04,2.48,1.6799999
1.58E-04,2.48,1.6799999
1.58E-04,2.48,1.64
1.58E-04,2.48,1.6799999
1.58E-04,2.48,1.6799999
1.58E-04,2.48,1.6799999
1.59E-04,2.48,1.7199999
1.59E-04,2.48,1.7199999
1.59E-04,2.48,1.64
1.59E-04,2.48,1.6799999
1.59E-04,2.48,1.6799999
1.60E-04,2.48,1.6799999
1.60E-04,2.48,1.64
1.60E-04,2.48,1.64
1.60E-04,2.48,1.7199999
1.60E-04,2.48,1.6799999
1.61E-04,2.48,1.5999999
1.61E-04,2.48,1.7199999
1.61E-04,2.48,1.64
1.61E-04,2.48,1.5999999
1.61E-04,2.48,1.64
1.62E-04,2.48,1.5999999
1.62E-04,2.48,1.64
1.62E-04,2.48,1.5999999
1.62E-04,2.48,1.64
1.62E-04,2.48,1.5599999
1.63E-04,2.48,1.5999999
1.63E-04,2.48,1.6799999
1.63E-04,2.48,1.5999999
1.63E-04,2.48,1.64
1.63E-04,2.48,1.64
1.64E-04,2.48,1.5999999
1.64E-04,2.48,1.5999999
1.64E-04,2.48,1.5999999
1.64E-04,2.48,1.5999999
1.64E-04,2.48,1.5999999
1.65E-04,2.48,1.5999999
1.65E-04,2.48,1.5599999
1.65E-04,2.48,1.5599999
1.65E-04,2.48,1.64
1.65E-04,2.48,1.5999999
1.66E-04,2.48,1.52
1.66E-04,2.48,1.5599999
1.66E-04,2.48,1.5599999
1.66E-04,2.48,1.5999999
1.66E-04,2.48,1.5999999
1.67E-04,2.48,1.52
1.67E-04,2.48,1.5999999
1.67E-04,2.48,1.5599999
1.67E-04,2.48,1.5599999
1.67E-04,2.48,1.5999999
1.68E-04,2.48,1.5599999
1.68E-04,2.48,1.5599999
1.68E-04,2.48,1.5599999
1.68E-04,2.48,1.5999999
1.68E-04,2.48,1.5999999
1.69E-04,2.48,1.5599999
1.69E-04,2.48,1.5599999
1.69E-04,2.48,1.5999999
1.69E-04,2.48,1.5999999
1.69E-04,2.48,1.5599999
1.70E-04,2.48,1.5999999
1.70E-04,2.48,1.5999999
1.70E-04,2.48,1.5599999
1.70E-04,2.48,1.5999999
1.70E-04,2.48,1.5599999
1.71E-04,2.48,1.5599999
1.71E-04,2.48,1.52
1.71E-04,2.48,1.5599999
1.71E-04,2.48,1.5599999
1.71E-04,2.48,1.5599999
1.72E-04,2.48,1.5599999
1.72E-04,2.48,1.5999999
1.72E-04,2.48,1.5999999
1.72E-04,2.48,1.5999999
1.72E-04,2.48,1.5999999
1.73E-04,2.48,1.5599999
1.73E-04,2.48,1.5599999
1.73E-04,2.48,1.5999999
1.73E-04,2.48,1.5599999
1.73E-04,2.48,1.5599999
1.74E-04,2.48,1.5599999
1.74E-04,2.48,1.52
1.74E-04,2.48,1.5599999
1.74E-04,2.48,1.52
1.74E-04,2.48,1.5599999
1.75E-04,2.48,1.5599999
1.75E-04,2.48,1.5999999
1.75E-04,2.48,1.5999999
1.75E-04,2.48,1.5599999
1.75E-04,2.48,1.5999999
1.76E-04,2.48,1.5999999
1.76E-04,2.48,1.5599999
1.76E-04,2.48,1.5599999
1.76E-04,2.48,1.52
1.76E-04,2.48,1.52
1.77E-04,2.48,1.5599999
1.77E-04,2.48,1.5599999
1.77E-04,2.48,1.52
1.77E-04,2.48,1.52
1.77E-04,2.48,1.5599999
1.78E-04,2.48,1.5599999
1.78E-04,2.48,1.52
1.78E-04,2.48,1.48
1.78E-04,2.48,1.52
1.78E-04,2.48,1.5599999
1.79E-04,2.48,1.52
1.79E-04,2.48,1.5599999
1.79E-04,2.48,1.48
1.79E-04,2.48,1.52
1.79E-04,2.48,1.52
1.80E-04,2.48,1.48
1.80E-04,2.48,1.48
1.80E-04,2.48,1.5599999
1.80E-04,2.48,1.4399999
1.80E-04,2.48,1.4399999
1.81E-04,2.48,1.4399999
1.81E-04,2.48,1.4399999
1.81E-04,2.48,1.48
1.81E-04,2.48,1.4399999
1.81E-04,2.48,1.4399999
1.82E-04,2.48,1.48
1.82E-04,2.48,1.4399999
1.82E-04,2.48,1.4399999
1.82E-04,2.48,1.4399999
1.82E-04,2.48,1.4399999
1.83E-04,2.48,1.4399999
1.83E-04,2.48,1.4399999
1.83E-04,2.48,1.4399999
1.83E-04,2.48,1.48
1.83E-04,2.48,1.4
1.84E-04,2.48,1.4
1.84E-04,2.48,1.4399999
1.84E-04,2.48,1.4
1.84E-04,2.48,1.4399999
1.84E-04,2.48,1.36
1.85E-04,2.48,1.4399999
1.85E-04,2.48,1.4399999
1.85E-04,2.48,1.4
1.85E-04,2.48,1.4
1.85E-04,2.48,1.4
1.86E-04,2.48,1.36
1.86E-04,2.48,1.36
1.86E-04,2.48,1.36
1.86E-04,2.48,1.36
1.86E-04,2.48,1.4
1.87E-04,2.48,1.4
1.87E-04,2.48,1.36
1.87E-04,2.48,1.36
1.87E-04,2.48,1.36
1.87E-04,2.48,1.3199999
1.88E-04,2.48,1.36
1.88E-04,2.48,1.4
1.88E-04,2.48,1.3199999
1.88E-04,2.48,1.36
1.88E-04,2.48,1.36
1.89E-04,2.48,1.36
1.89E-04,2.48,1.36
1.89E-04,2.48,1.36
1.89E-04,2.48,1.36
1.89E-04,2.48,1.3199999
1.90E-04,2.48,1.36
1.90E-04,2.48,1.3199999
1.90E-04,2.48,1.36
1.90E-04,2.48,1.36
1.90E-04,2.48,1.3199999
1.91E-04,2.48,1.3199999
1.91E-04,2.48,1.3199999
1.91E-04,2.48,1.28
1.91E-04,2.48,1.3199999
1.91E-04,2.48,1.3199999
1.92E-04,2.48,1.3199999
1.92E-04,2.48,1.3199999
1.92E-04,2.48,1.28
1.92E-04,2.48,1.3199999
1.92E-04,2.48,1.36
1.93E-04,2.48,1.3199999
1.93E-04,2.48,1.3199999
1.93E-04,2.48,1.28
1.93E-04,2.48,1.36
1.93E-04,2.48,1.28
1.94E-04,2.48,1.3199999
1.94E-04,2.48,1.3199999
1.94E-04,2.48,1.28
1.94E-04,2.48,1.28
1.94E-04,2.48,1.28
1.95E-04,2.48,1.28
1.95E-04,2.48,1.3199999
1.95E-04,2.48,1.3199999
1.95E-04,2.48,1.28
1.95E-04,2.48,1.28
1.96E-04,2.48,1.24
1.96E-04,2.48,1.24
1.96E-04,2.48,1.28
1.96E-04,2.48,1.24
1.96E-04,2.48,1.28
1.97E-04,2.48,1.28
1.97E-04,2.48,1.28
1.97E-04,2.48,1.28
1.97E-04,2.48,1.28
1.97E-04,2.48,1.24
1.98E-04,2.48,1.28
1.98E-04,2.48,1.28